Style Code,SKU,Product Name,Category,Sub Category,Brand,Collection Name,Price,Budget Tier,Primary Colour,Colour Family,Pattern,Style Category,Silhouette,Fit Type,Length,Sleeve Type,Neckline,Fabric,Fabric Weight,Breathability,Stretch,Texture,Care Difficulty,Comfort Level,Weather Suitability,Season,Occasion,Occasion Intensity,Dress Code,Indoor/Outdoor,Trend Level,Statement Level,Minimal/Maximal,Body Shape Suitability,Skin Tone Suitability,Age Group Suitability,Height Band Suitability,Petite Friendly,Plus Size Friendly,Alteration Available,Wedding Suitability,Wedding Function,Travel Friendly,Layer Friendly,Size,Premium Flag,Bestseller,Trending,New Arrival,Limited Edition,Sale Item,Rating,Inventory Quantity,Image URL,Back Image URL,Fashion Keywords,Product Description
DRS1001,DRS1001-BLK-M,Aura Threads A-Line Dress,Women's Wear,A-Line Dress,Aura Threads,Monsoon Muse,999,"Under Rs.1,500",Black,Neutral,Plain colour,Modern/Western,A-line,Regular,Knee-length,Short sleeve,Round,Cotton,Light,High,Non-Stretch,Smooth and silky,Low,High,Cool Weather,"Summer, Monsoon","Everyday wear, Photo shoot",Simple,No dress code,Both,Classic styles,Simple and elegant,Minimal,"Pear, Apple, Rectangle",All,"18-25, 26-35, 36-50","Petite, Regular, Tall",TRUE,TRUE,TRUE,FALSE,Not Applicable,TRUE,TRUE,M,FALSE,TRUE,TRUE,TRUE,TRUE,TRUE,3.7,69,https://drive.google.com/file/d/1SEtOnSgep5jk4k2UAtT6EHJP54wvf1Pe/view?usp=drive_link,https://drive.google.com/file/d/1y6IexUn8EHkOpZYEG1ikROWtLAD4qzzh/view?usp=drive_link,"a-line dress, black, cotton, everyday wear, photo shoot, modern/western, aura threads, monsoon muse, round, short sleeve, knee-length, travel friendly","Aura Threads A-Line Dress — a black, a-line dress in lightweight cotton, made for everyday wear and photo shoot occasions. Featuring a round neckline, short sleeve, and a knee-length hem with a regular fit, it has a smooth, silky feel and offers high comfort for all-day wear. Simple, elegant styling. Part of the Monsoon Muse collection."
DRS1018,DRS1018-NVY-M,Northgate Apparel Anarkali-Style Dress,Women's Wear,Anarkali-Style Dress,Northgate Apparel,Resort Diaries,2799,"Rs.1,500-3,000",Navy Blue,Cool,Embroidered or decorated,Mix of Indian and Western,Flared,Loose and relaxed,Full-length,Full sleeve,Round,Silk,Medium weight,Medium,Non-Stretch,Smooth and silky,High,Medium,All Weather,"Wedding season, Festival season","Party, Formal event",Bold and eye-catching,Mix of both,Indoors,Latest trends,Bold and eye-catching,Maximal,"Apple, Pear, Rectangle",Cool,"26-35, 36-50","Regular, Tall",FALSE,TRUE,TRUE,TRUE,Reception,FALSE,TRUE,M,TRUE,FALSE,FALSE,FALSE,FALSE,FALSE,4.2,85,https://drive.google.com/file/d/1BFiWMegzz6IbmMA-aLpU19bDK14c40ZG/view?usp=drive_link,https://drive.google.com/file/d/1nyIcip8aJ4eOI2FML7d71U-51nBdOD87/view?usp=drive_link,"anarkali-style dress, navy blue, silk, party, formal event, mix of indian and western, northgate apparel, resort diaries, round, full sleeve, full-length, embroidered or decorated","Northgate Apparel Anarkali-Style Dress — a navy blue, embroidered anarkali-style dress in medium-weight silk, made for party and formal event occasions. Featuring a round neckline, full sleeve, and a full-length hem with a loose and relaxed fit, it has a smooth, silky feel and offers medium comfort for all-day wear. Bold, eye-catching styling. Part of the Resort Diaries collection."
DRS1016,DRS1016-WNR-M,Ivory Loom Cocktail Dress,Women's Wear,Cocktail Dress,Ivory Loom,City Nights,2399,"Rs.1,500-3,000",Wine Red,Warm,Plain colour,Modern/Western,Straight/Fitted,Fitted/Tailored,Knee-length,Sleeveless,V-neck,Velvet,Heavy or rich fabric,Low,Stretchable,Decorated texture,High,Low,Warm Weather,"Winter, Wedding season","Wedding guest, Festival",Rich and festive,Western clothes only,Both,Classic styles,Simple and elegant,Minimal,"Hourglass, Rectangle",Warm,"18-25, 26-35","Petite, Regular, Tall",TRUE,FALSE,TRUE,TRUE,Sangeet,FALSE,TRUE,M,TRUE,FALSE,TRUE,FALSE,FALSE,FALSE,4.3,70,https://drive.google.com/file/d/1JaQOZGITT6u4YnWmJfsh645BxfMkuZPB/view?usp=drive_link,https://drive.google.com/file/d/1XartcVbKKq3jt0xPx73i0AxyAVUIubJv/view?usp=drive_link,"cocktail dress, wine red, velvet, wedding guest, festival, modern/western, ivory loom, city nights, v-neck, sleeveless, knee-length","Ivory Loom Cocktail Dress — a wine red, cocktail dress in heavyweight velvet, made for wedding guest and festival occasions. Featuring a v-neck, sleeveless, and a knee-length hem with a fitted/tailored fit, it has a richly decorated texture and offers low comfort for all-day wear. Simple, elegant styling. Part of the City Nights collection."
DRS1023,DRS1023-SKY-M,Meraki Studio Wrap Maxi Dress,Women's Wear,Wrap Maxi Dress,Meraki Studio,Summer Bloom,2049,"Rs.1,500-3,000",Sky Blue,Cool,Printed,Modern/Western,Flared,Regular,Full-length,3/4th sleeve,V-neck,Georgette,Light,Medium,Non-Stretch,Decorated texture,Medium,Medium,All Weather,"Festival season, Summer","Birthday, Party",Smart and neat,No dress code,Indoors,A mix of both,A mix of both,Balanced,"Apple, Pear, Rectangle",Cool,"18-25, 26-35, 36-50","Regular, Tall",FALSE,TRUE,TRUE,FALSE,Not Applicable,FALSE,FALSE,M,FALSE,FALSE,FALSE,FALSE,TRUE,FALSE,4.5,111,https://drive.google.com/file/d/1bXsvoTCc-7cE0j9SNRj0ZsHLK6UXUuTm/view?usp=drive_link,https://drive.google.com/file/d/1SjmkeQHgPycjDYm1JhLQSqVEB8HR_ZRA/view?usp=drive_link,"wrap maxi dress, sky blue, georgette, birthday, party, modern/western, meraki studio, summer bloom, v-neck, 3/4th sleeve, full-length, printed","Meraki Studio Wrap Maxi Dress — a sky blue, printed wrap maxi dress in lightweight georgette, made for birthday and party occasions. Featuring a v-neck, 3/4th sleeve, and a full-length hem with a regular fit, it has a richly decorated texture and offers medium comfort for all-day wear. Versatile styling that balances bold and simple elements. Part of the Summer Bloom collection."
DRS1015,DRS1015-BGE-M,Zephyr Label Halter Neck Dress,Women's Wear,Halter Neck Dress,Zephyr Label,Everyday Ease,1999,"Rs.1,500-3,000",Beige,Neutral,Plain colour,Modern/Western,Straight/Fitted,Body-hugging,Knee-length,Sleeveless,Halter,Crepe,Medium weight,Medium,Stretchable,Rough or woven feel,Medium,Medium,All Weather,"Festival season, Monsoon","Vacation, Office",Smart and neat,No dress code,Both,Latest trends,Simple and elegant,Minimal,"Hourglass, Rectangle",All,"18-25, 26-35, 36-50","Petite, Regular, Tall",TRUE,FALSE,TRUE,FALSE,Not Applicable,TRUE,TRUE,M,FALSE,FALSE,FALSE,TRUE,FALSE,FALSE,4.5,11,https://drive.google.com/file/d/1C1GK_YQXW8BsC4WOMx0S6GA-0CTA-9Je/view?usp=drive_link,https://drive.google.com/file/d/1i4GS-2l3QcYWyqgGXaH6CHqjcRvzfLFq/view?usp=drive_link,"halter neck dress, beige, crepe, vacation, office, modern/western, zephyr label, everyday ease, halter, sleeveless, knee-length, travel friendly","Zephyr Label Halter Neck Dress — a beige, halter neck dress in medium-weight crepe, made for vacation and office occasions. Featuring a halter neckline, sleeveless, and a knee-length hem with a body-hugging fit, it has a rough, woven feel and offers medium comfort for all-day wear. Simple, elegant styling. Part of the Everyday Ease collection."
DRS1017,DRS1017-CRL-M,Kavali Atelier Indo-Western Fusion Dress,Women's Wear,Indo-Western Fusion Dress,Kavali Atelier,Heritage Fusion,4599,"Rs.3,000-6,000",Coral Pink,Warm,Embroidered or decorated,Mix of Indian and Western,A-line,Regular,Calf-length,3/4th sleeve,Collared,Chanderi,Light,Medium,Non-Stretch,Decorated texture,High,Medium,All Weather,"Wedding season, Festival season","Party, Wedding guest",Bold and eye-catching,Mix of both,Both,A mix of both,Bold and eye-catching,Maximal,"Pear, Apple, Rectangle",Warm,"26-35, 36-50","Petite, Regular, Tall",TRUE,TRUE,TRUE,TRUE,Reception,FALSE,FALSE,M,TRUE,FALSE,FALSE,FALSE,FALSE,FALSE,4.3,29,https://drive.google.com/file/d/1gNKlMAA6r9w8NesmeV2UT7MBqPGJNmLY/view?usp=drive_link,https://drive.google.com/file/d/1TNp1ccradPc27XPvtUxDhpWa5tN-LkJ3/view?usp=drive_link,"indo-western fusion dress, coral pink, chanderi, party, wedding guest, mix of indian and western, kavali atelier, heritage fusion, collared, 3/4th sleeve, calf-length, embroidered or decorated","Kavali Atelier Indo-Western Fusion Dress — a coral pink, embroidered indo-western fusion dress in lightweight chanderi, made for party and wedding guest occasions. Featuring a collared neckline, 3/4th sleeve, and a calf-length hem with a regular fit, it has a richly decorated texture and offers medium comfort for all-day wear. Bold, eye-catching styling. Part of the Heritage Fusion collection."
DRS1021,DRS1021-WHT-M,Aura Threads Tunic Dress,Women's Wear,Tunic Dress,Aura Threads,Monsoon Muse,999,"Under Rs.1,500",White,Neutral,Block print,Fusion (mixed styles),Straight/Fitted,Loose and relaxed,Short,3/4th sleeve,Round,Cotton,Light,High,Non-Stretch,Smooth and silky,Low,High,Cool Weather,"Summer, Monsoon","Formal event, Party",High quality,No dress code,Both,Latest trends,Bold and eye-catching,Maximal,"Hourglass, Rectangle",All,"26-35, 36-50","Petite, Regular",TRUE,TRUE,FALSE,FALSE,Not Applicable,TRUE,TRUE,M,FALSE,FALSE,TRUE,FALSE,FALSE,FALSE,4.2,48,https://drive.google.com/file/d/1AIAd8OATlELufHFEqqA1PFhgoBecqFcb/view?usp=drive_link,https://drive.google.com/file/d/1_idmmNEj595KBNAaBSadQQFr7HBu8X3-/view?usp=drive_link,"tunic dress, white, cotton, formal event, party, fusion (mixed styles), aura threads, monsoon muse, round, 3/4th sleeve, short, block print, travel friendly","Aura Threads Tunic Dress — a white, block-printed tunic dress in lightweight cotton, made for formal event and party occasions. Featuring a round neckline, 3/4th sleeve, and a short hem with a loose and relaxed fit, it has a smooth, silky feel and offers high comfort for all-day wear. Bold, eye-catching styling. Part of the Monsoon Muse collection."
DRS1006,DRS1006-MUS-M,Ivory Loom Fit & Flare Dress,Women's Wear,Fit & Flare Dress,Ivory Loom,City Nights,1149,"Under Rs.1,500",Mustard Yellow,Warm,Printed,Modern/Western,Empire,Fitted/Tailored,Knee-length,Short sleeve,Round,Chiffon,Light,High,Non-Stretch,Smooth and silky,Medium,High,Cool Weather,"Summer, Monsoon","Photo shoot, Vacation",Smart and neat,Western clothes only,Both,Latest trends,A mix of both,Balanced,"Apple, Hourglass",Warm,"18-25, 26-35, 36-50","Petite, Regular, Tall",TRUE,FALSE,FALSE,FALSE,Not Applicable,FALSE,FALSE,M,FALSE,FALSE,TRUE,FALSE,FALSE,FALSE,3.8,73,https://drive.google.com/file/d/1zuTcQmIUXM7lrW61iu_82ARvK9PmoL2x/view?usp=drive_link,https://drive.google.com/file/d/1zbdeiSaU6GL8w7F4BILBcecbNctcgyOe/view?usp=drive_link,"fit & flare dress, mustard yellow, chiffon, photo shoot, vacation, modern/western, ivory loom, city nights, round, short sleeve, knee-length, printed","Ivory Loom Fit & Flare Dress — a mustard yellow, printed fit & flare dress in lightweight chiffon, made for photo shoot and vacation occasions. Featuring a round neckline, short sleeve, and a knee-length hem with a fitted/tailored fit, it has a smooth, silky feel and offers high comfort for all-day wear. Versatile styling that balances bold and simple elements. Part of the City Nights collection."
DRS1005,DRS1005-CHR-M,Zephyr Label Shift Dress,Women's Wear,Shift Dress,Zephyr Label,Everyday Ease,1799,"Rs.1,500-3,000",Charcoal Grey,Neutral,Block print,Modern/Western,Straight/Fitted,Regular,Knee-length,Short sleeve,Boat neck,Cotton,Light,High,Non-Stretch,Smooth and silky,Low,High,Cool Weather,"Summer, Monsoon","Vacation, Photo shoot",Smart and neat,Western clothes only,Both,A mix of both,Bold and eye-catching,Maximal,"Hourglass, Rectangle",All,"18-25, 26-35, 36-50","Petite, Regular, Tall",TRUE,TRUE,FALSE,FALSE,Not Applicable,TRUE,TRUE,M,FALSE,FALSE,FALSE,FALSE,FALSE,TRUE,4,118,https://drive.google.com/file/d/1Z_KVAYbPgkyOBrWk8SzARs9ioYM1vojI/view?usp=drive_link,https://drive.google.com/file/d/1HX9pG1mAu5JttWb8tepFxOWr4orqPBOw/view?usp=drive_link,"shift dress, charcoal grey, cotton, vacation, photo shoot, modern/western, zephyr label, everyday ease, boat neck, short sleeve, knee-length, block print, travel friendly","Zephyr Label Shift Dress — a charcoal grey, block-printed shift dress in lightweight cotton, made for vacation and photo shoot occasions. Featuring a boat neck, short sleeve, and a knee-length hem with a regular fit, it has a smooth, silky feel and offers high comfort for all-day wear. Bold, eye-catching styling. Part of the Everyday Ease collection."
DRS1008,DRS1008-EMR-M,Northgate Apparel Shirt Dress,Women's Wear,Shirt Dress,Northgate Apparel,Resort Diaries,1199,"Under Rs.1,500",Emerald Green,Cool,Plain colour,Modern/Western,Straight/Fitted,Regular,Knee-length,Full sleeve,Collared,Linen,Light,High,Non-Stretch,Rough or woven feel,Medium,High,Cool Weather,Summer,"Office, Everyday wear",Smart and neat,No dress code,Both,A mix of both,Simple and elegant,Minimal,"Hourglass, Rectangle",Cool,"18-25, 26-35, 36-50","Petite, Regular, Tall",TRUE,TRUE,FALSE,FALSE,Not Applicable,TRUE,TRUE,M,FALSE,FALSE,FALSE,TRUE,FALSE,FALSE,4.5,84,https://drive.google.com/file/d/12CudBmKT882nPvExIcjz6etLHtaAjvzc/view?usp=drive_link,https://drive.google.com/file/d/1cB6DEvsCeUR69KjhJzYjqk5i3-s6RRNy/view?usp=drive_link,"shirt dress, emerald green, linen, office, everyday wear, modern/western, northgate apparel, resort diaries, collared, full sleeve, knee-length, travel friendly","Northgate Apparel Shirt Dress — a emerald green, shirt dress in lightweight linen, made for office and everyday wear occasions. Featuring a collared neckline, full sleeve, and a knee-length hem with a regular fit, it has a rough, woven feel and offers high comfort for all-day wear. Simple, elegant styling. Part of the Resort Diaries collection."
DRS1002,DRS1002-RST-M,Vestige Weaves Maxi Dress,Women's Wear,Maxi Dress,Vestige Weaves,Festive Radiance,1249,"Under Rs.1,500",Rust Orange,Warm,Printed,Modern/Western,Flared,Loose and relaxed,Full-length,Sleeveless,V-neck,Georgette,Light,Medium,Non-Stretch,Decorated texture,Medium,High,All Weather,"Festival season, Summer","Vacation, Party",High quality,No dress code,Both,A mix of both,A mix of both,Balanced,"Apple, Pear, Rectangle",Warm,"18-25, 26-35, 36-50","Regular, Tall",FALSE,TRUE,TRUE,FALSE,Not Applicable,FALSE,FALSE,M,FALSE,FALSE,FALSE,FALSE,FALSE,FALSE,3.7,98,https://drive.google.com/file/d/1ARQnvIYXRQwKJdbStv7SrBBQ-SAs1Qs_/view?usp=drive_link,https://drive.google.com/file/d/1xiMmxFcjlXAhgQBk50h3FhOKB_Yrp0kn/view?usp=drive_link,"maxi dress, rust orange, georgette, vacation, party, modern/western, vestige weaves, festive radiance, v-neck, sleeveless, full-length, printed","Vestige Weaves Maxi Dress — a rust orange, printed maxi dress in lightweight georgette, made for vacation and party occasions. Featuring a v-neck, sleeveless, and a full-length hem with a loose and relaxed fit, it has a richly decorated texture and offers high comfort for all-day wear. Versatile styling that balances bold and simple elements. Part of the Festive Radiance collection."
DRS1003,DRS1003-SGE-M,Meraki Studio Wrap Dress,Women's Wear,Wrap Dress,Meraki Studio,Summer Bloom,1999,"Rs.1,500-3,000",Sage Green,Cool,Plain colour,Modern/Western,A-line,Fitted/Tailored,Knee-length,3/4th sleeve,V-neck,Crepe,Medium weight,Medium,Stretchable,Rough or woven feel,Medium,Medium,All Weather,"Festival season, Monsoon","Party, Office",Smart and neat,Western clothes only,Indoors,Latest trends,Simple and elegant,Minimal,"Pear, Apple, Rectangle",Neutral,"18-25, 26-35, 36-50","Petite, Regular, Tall",TRUE,FALSE,FALSE,FALSE,Not Applicable,TRUE,FALSE,M,FALSE,FALSE,FALSE,FALSE,FALSE,FALSE,4.5,117,https://drive.google.com/file/d/1ICczqWeHKBYv2k3g6ds3BTgMWXpodQqm/view?usp=drive_link,https://drive.google.com/file/d/1ELFQxETfur0EYVWA5CZDpZcXTfQxhWxg/view?usp=drive_link,"wrap dress, sage green, crepe, party, office, modern/western, meraki studio, summer bloom, v-neck, 3/4th sleeve, knee-length, travel friendly","Meraki Studio Wrap Dress — a sage green, wrap dress in medium-weight crepe, made for party and office occasions. Featuring a v-neck, 3/4th sleeve, and a knee-length hem with a fitted/tailored fit, it has a rough, woven feel and offers medium comfort for all-day wear. Simple, elegant styling. Part of the Summer Bloom collection."
DRS1004,DRS1004-BLS-M,Rukmini Couture Bodycon Dress,Women's Wear,Bodycon Dress,Rukmini Couture,Wedding Edit,3199,"Rs.3,000-6,000",Blush Pink,Cool,Plain colour,Modern/Western,Straight/Fitted,Body-hugging,Knee-length,Sleeveless,Round,Crepe,Medium weight,Medium,Stretchable,Rough or woven feel,Medium,Medium,All Weather,"Festival season, Monsoon","Photo shoot, Vacation",High quality,No dress code,Both,Classic styles,Simple and elegant,Minimal,"Hourglass, Rectangle",Cool,"18-25, 26-35, 36-50","Petite, Regular, Tall",TRUE,FALSE,TRUE,FALSE,Not Applicable,TRUE,TRUE,M,TRUE,FALSE,FALSE,FALSE,FALSE,TRUE,4.5,49,https://drive.google.com/file/d/13zZ89fc3nmJHMknw8Z8Q0uYQMb_Q671N/view?usp=drive_link,https://drive.google.com/file/d/1_Xo4caKGl3Keb8CpUFpIitaV9H1V3zJc/view?usp=drive_link,"bodycon dress, blush pink, crepe, photo shoot, vacation, modern/western, rukmini couture, wedding edit, round, sleeveless, knee-length, travel friendly","Rukmini Couture Bodycon Dress — a blush pink, bodycon dress in medium-weight crepe, made for photo shoot and vacation occasions. Featuring a round neckline, sleeveless, and a knee-length hem with a body-hugging fit, it has a rough, woven feel and offers medium comfort for all-day wear. Simple, elegant styling. Part of the Wedding Edit collection."
DRS1009,DRS1009-LAV-M,Saffron & Sage Empire Waist Dress,Women's Wear,Empire Waist Dress,Saffron & Sage,Winter Warmth,2049,"Rs.1,500-3,000",Lavender,Cool,Embroidered or decorated,Fusion (mixed styles),Empire,Loose and relaxed,Knee-length,3/4th sleeve,Round,Georgette,Light,Medium,Non-Stretch,Decorated texture,Medium,High,All Weather,"Festival season, Summer","Festival, Wedding guest",Bold and eye-catching,Mix of both,Indoors,Latest trends,Bold and eye-catching,Maximal,"Apple, Hourglass",Cool,"18-25, 26-35","Petite, Regular, Tall",TRUE,TRUE,TRUE,TRUE,Sangeet,FALSE,TRUE,M,FALSE,FALSE,FALSE,FALSE,FALSE,FALSE,4,85,https://drive.google.com/file/d/1d01eP1FEWEAlaEKdboTLU3hn8khnj7bH/view?usp=drive_link,https://drive.google.com/file/d/1930RsYvrpsGiBpV1JTiJSCeVkytZAk98/view?usp=drive_link,"empire waist dress, lavender, georgette, festival, wedding guest, fusion (mixed styles), saffron & sage, winter warmth, round, 3/4th sleeve, knee-length, embroidered or decorated","Saffron & Sage Empire Waist Dress — a lavender, embroidered empire waist dress in lightweight georgette, made for festival and wedding guest occasions. Featuring a round neckline, 3/4th sleeve, and a knee-length hem with a loose and relaxed fit, it has a richly decorated texture and offers high comfort for all-day wear. Bold, eye-catching styling. Part of the Winter Warmth collection."
DRS1010,DRS1010-MRN-M,Willow & Weave Peplum Dress,Women's Wear,Peplum Dress,Willow & Weave,Signature Line,1999,"Rs.1,500-3,000",Maroon,Warm,Plain colour,Modern/Western,A-line,Fitted/Tailored,Knee-length,Short sleeve,V-neck,Crepe,Medium weight,Medium,Stretchable,Rough or woven feel,Medium,Medium,All Weather,"Festival season, Monsoon","Party, Office",Smart and neat,No dress code,Indoors,Classic styles,Simple and elegant,Minimal,"Pear, Apple, Rectangle",Warm,"18-25, 26-35, 36-50","Petite, Regular, Tall",TRUE,FALSE,FALSE,FALSE,Not Applicable,TRUE,TRUE,M,FALSE,FALSE,FALSE,FALSE,FALSE,FALSE,4,120,https://drive.google.com/file/d/1kq4nUimb3l2C1qYrSghh0O0N4Fy8Bhdy/view?usp=drive_link,https://drive.google.com/file/d/140_j-FjvTbPRVXJlVAd7fny-GMrSybk5/view?usp=drive_link,"peplum dress, maroon, crepe, party, office, modern/western, willow & weave, signature line, v-neck, short sleeve, knee-length, travel friendly","Willow & Weave Peplum Dress — a maroon, peplum dress in medium-weight crepe, made for party and office occasions. Featuring a v-neck, short sleeve, and a knee-length hem with a fitted/tailored fit, it has a rough, woven feel and offers medium comfort for all-day wear. Simple, elegant styling. Part of the Signature Line collection."
DRS1007,DRS1007-CRL-M,Kavali Atelier Slip Dress,Women's Wear,Slip Dress,Kavali Atelier,Heritage Fusion,4799,"Rs.3,000-6,000",Coral Pink,Warm,Plain colour,Modern/Western,Straight/Fitted,Body-hugging,Calf-length,Sleeveless,Halter,Silk,Medium weight,Medium,Non-Stretch,Smooth and silky,High,Low,All Weather,"Wedding season, Festival season","Festival, Party",High quality,Western clothes only,Indoors,Classic styles,Simple and elegant,Minimal,"Hourglass, Rectangle",Warm,"18-25, 26-35, 36-50","Petite, Regular, Tall",TRUE,FALSE,TRUE,TRUE,Sangeet,FALSE,FALSE,M,TRUE,TRUE,FALSE,FALSE,FALSE,FALSE,4.1,6,https://drive.google.com/file/d/1sgdK6uGO2PnXMzorX9DPi4QU0XFnIJ4E/view?usp=drive_link,https://drive.google.com/file/d/1vjpeeywqUGc3P5-EhCTtOL0z9vzvCQdN/view?usp=drive_link,"slip dress, coral pink, silk, festival, party, modern/western, kavali atelier, heritage fusion, halter, sleeveless, calf-length","Kavali Atelier Slip Dress — a coral pink, slip dress in medium-weight silk, made for festival and party occasions. Featuring a halter neckline, sleeveless, and a calf-length hem with a body-hugging fit, it has a smooth, silky feel and offers low comfort for all-day wear. Simple, elegant styling. Part of the Heritage Fusion collection."
DRS1011,DRS1011-BLK-M,Aura Threads Sheath Dress,Women's Wear,Sheath Dress,Aura Threads,Monsoon Muse,1199,"Under Rs.1,500",Black,Neutral,Plain colour,Modern/Western,Straight/Fitted,Fitted/Tailored,Knee-length,Sleeveless,Boat neck,Crepe,Medium weight,Medium,Stretchable,Rough or woven feel,Medium,Medium,All Weather,"Festival season, Monsoon","Photo shoot, Vacation",High quality,Western clothes only,Both,A mix of both,Simple and elegant,Minimal,"Hourglass, Rectangle",All,"18-25, 26-35, 36-50","Petite, Regular, Tall",TRUE,FALSE,TRUE,FALSE,Not Applicable,TRUE,FALSE,M,FALSE,FALSE,TRUE,FALSE,FALSE,FALSE,3.7,16,https://drive.google.com/file/d/1ZMY8Xu-bo1X0BiUmIUr6izRfGCaCKCKp/view?usp=drive_link,https://drive.google.com/file/d/12VGa7Sr6jygDkdk3X69Qq44tIoyaWhqn/view?usp=drive_link,"sheath dress, black, crepe, photo shoot, vacation, modern/western, aura threads, monsoon muse, boat neck, sleeveless, knee-length, travel friendly","Aura Threads Sheath Dress — a black, sheath dress in medium-weight crepe, made for photo shoot and vacation occasions. Featuring a boat neck, sleeveless, and a knee-length hem with a fitted/tailored fit, it has a rough, woven feel and offers medium comfort for all-day wear. Simple, elegant styling. Part of the Monsoon Muse collection."
DRS1012,DRS1012-CRL-M,Vestige Weaves Kaftan Dress,Women's Wear,Kaftan Dress,Vestige Weaves,Festive Radiance,1249,"Under Rs.1,500",Coral Pink,Warm,Block print,Fusion (mixed styles),Flared,Loose and relaxed,Full-length,Full sleeve,Round,Georgette,Light,Medium,Non-Stretch,Decorated texture,Medium,High,All Weather,"Festival season, Summer","Festival, Formal event",Smart and neat,No dress code,Both,Latest trends,Bold and eye-catching,Maximal,"Apple, Pear, Rectangle",Warm,"26-35, 36-50","Regular, Tall",FALSE,TRUE,TRUE,FALSE,Not Applicable,FALSE,TRUE,M,FALSE,FALSE,FALSE,FALSE,TRUE,FALSE,4.6,30,https://drive.google.com/file/d/1n6cIujk1seUMWuDCiR0RrtuZYuQxN5HB/view?usp=drive_link,https://drive.google.com/file/d/1KSa5HJRw3La8CsJZsMHQ_opJlKwa35g-/view?usp=drive_link,"kaftan dress, coral pink, georgette, festival, formal event, fusion (mixed styles), vestige weaves, festive radiance, round, full sleeve, full-length, block print","Vestige Weaves Kaftan Dress — a coral pink, block-printed kaftan dress in lightweight georgette, made for festival and formal event occasions. Featuring a round neckline, full sleeve, and a full-length hem with a loose and relaxed fit, it has a richly decorated texture and offers high comfort for all-day wear. Bold, eye-catching styling. Part of the Festive Radiance collection."
DRS1013,DRS1013-NVY-M,Meraki Studio Tiered Maxi Dress,Women's Wear,Tiered Maxi Dress,Meraki Studio,Summer Bloom,1949,"Rs.1,500-3,000",Navy Blue,Cool,Printed,Modern/Western,Flared,Loose and relaxed,Full-length,Short sleeve,V-neck,Chiffon,Light,High,Non-Stretch,Smooth and silky,Medium,High,Cool Weather,"Summer, Monsoon","Birthday, Office",Smart and neat,Western clothes only,Indoors,Classic styles,A mix of both,Balanced,"Apple, Pear, Rectangle",Cool,"18-25, 26-35, 36-50","Regular, Tall",FALSE,TRUE,TRUE,FALSE,Not Applicable,FALSE,TRUE,M,FALSE,TRUE,FALSE,FALSE,FALSE,FALSE,4,35,https://drive.google.com/file/d/1W6rltOkEx2oeEJXKt7sPXgHG8vEuJt4V/view?usp=drive_link,https://drive.google.com/file/d/1ilrQhNrB_m9Yb_xmggXzznF3plPXMgTi/view?usp=drive_link,"tiered maxi dress, navy blue, chiffon, birthday, office, modern/western, meraki studio, summer bloom, v-neck, short sleeve, full-length, printed","Meraki Studio Tiered Maxi Dress — a navy blue, printed tiered maxi dress in lightweight chiffon, made for birthday and office occasions. Featuring a v-neck, short sleeve, and a full-length hem with a loose and relaxed fit, it has a smooth, silky feel and offers high comfort for all-day wear. Versatile styling that balances bold and simple elements. Part of the Summer Bloom collection."
DRS1014,DRS1014-SGE-M,Rukmini Couture Off-Shoulder Dress,Women's Wear,Off-Shoulder Dress,Rukmini Couture,Wedding Edit,3149,"Rs.3,000-6,000",Sage Green,Cool,Plain colour,Modern/Western,A-line,Fitted/Tailored,Knee-length,Short sleeve,Boat neck,Chiffon,Light,High,Non-Stretch,Smooth and silky,Medium,High,Cool Weather,"Summer, Monsoon","Party, Office",Smart and neat,No dress code,Both,A mix of both,Simple and elegant,Minimal,"Pear, Apple, Rectangle",Neutral,"18-25, 26-35, 36-50","Petite, Regular, Tall",TRUE,FALSE,TRUE,FALSE,Not Applicable,FALSE,FALSE,M,TRUE,FALSE,FALSE,FALSE,FALSE,FALSE,4.5,115,https://drive.google.com/file/d/1Za2iHiRj-pEAhuaD4W7TY58pm5_KFFxP/view?usp=drive_link,https://drive.google.com/file/d/1yeBFgvuRYaAbUtxN_4IzEi9ezWrqSlfa/view?usp=drive_link,"off-shoulder dress, sage green, chiffon, party, office, modern/western, rukmini couture, wedding edit, boat neck, short sleeve, knee-length","Rukmini Couture Off-Shoulder Dress — a sage green, off-shoulder dress in lightweight chiffon, made for party and office occasions. Featuring a boat neck, short sleeve, and a knee-length hem with a fitted/tailored fit, it has a smooth, silky feel and offers high comfort for all-day wear. Simple, elegant styling. Part of the Wedding Edit collection."
DRS1019,DRS1019-SGE-M,Saffron & Sage Blazer Dress,Women's Wear,Blazer Dress,Saffron & Sage,Winter Warmth,1999,"Rs.1,500-3,000",Sage Green,Cool,Plain colour,Modern/Western,Straight/Fitted,Fitted/Tailored,Knee-length,Full sleeve,Collared,Crepe,Medium weight,Medium,Stretchable,Rough or woven feel,Medium,Medium,All Weather,"Festival season, Monsoon","Vacation, Birthday",Smart and neat,No dress code,Both,Classic styles,Simple and elegant,Minimal,"Hourglass, Rectangle",Neutral,"18-25, 26-35, 36-50","Petite, Regular, Tall",TRUE,FALSE,TRUE,FALSE,Not Applicable,TRUE,TRUE,M,FALSE,TRUE,FALSE,FALSE,FALSE,FALSE,4.1,99,https://drive.google.com/file/d/1ftcyitFaO6j-MPdlqyF5SdDKZkyztxkJ/view?usp=drive_link,https://drive.google.com/file/d/1PSkQy8Fv0pm7ecwLA_aDNlWwDNYuALGJ/view?usp=drive_link,"blazer dress, sage green, crepe, vacation, birthday, modern/western, saffron & sage, winter warmth, collared, full sleeve, knee-length, travel friendly","Saffron & Sage Blazer Dress — a sage green, blazer dress in medium-weight crepe, made for vacation and birthday occasions. Featuring a collared neckline, full sleeve, and a knee-length hem with a fitted/tailored fit, it has a rough, woven feel and offers medium comfort for all-day wear. Simple, elegant styling. Part of the Winter Warmth collection."
DRS1020,DRS1020-BGE-M,Willow & Weave Denim-Style Shirt Dress,Women's Wear,Denim-Style Shirt Dress,Willow & Weave,Signature Line,1799,"Rs.1,500-3,000",Beige,Neutral,Plain colour,Modern/Western,Straight/Fitted,Regular,Knee-length,Short sleeve,Collared,Cotton,Light,High,Non-Stretch,Smooth and silky,Low,High,Cool Weather,"Summer, Monsoon","Vacation, Photo shoot",High quality,No dress code,Both,A mix of both,Simple and elegant,Minimal,"Hourglass, Rectangle",All,"18-25, 26-35, 36-50","Petite, Regular, Tall",TRUE,TRUE,TRUE,FALSE,Not Applicable,TRUE,TRUE,M,FALSE,FALSE,FALSE,FALSE,FALSE,TRUE,4.5,13,https://drive.google.com/file/d/1vNQxggGx2DfnLNrf_9VaNviRi3xCGqYM/view?usp=drive_link,https://drive.google.com/file/d/15pEqEebFgxKbyBQ36v4Hsrw-hZ2StASP/view?usp=drive_link,"denim-style shirt dress, beige, cotton, vacation, photo shoot, modern/western, willow & weave, signature line, collared, short sleeve, knee-length, travel friendly","Willow & Weave Denim-Style Shirt Dress — a beige, denim-style shirt dress in lightweight cotton, made for vacation and photo shoot occasions. Featuring a collared neckline, short sleeve, and a knee-length hem with a regular fit, it has a smooth, silky feel and offers high comfort for all-day wear. Simple, elegant styling. Part of the Signature Line collection."
DRS1022,DRS1022-CRL-M,Vestige Weaves Skater Dress,Women's Wear,Skater Dress,Vestige Weaves,Festive Radiance,1199,"Under Rs.1,500",Coral Pink,Warm,Plain colour,Modern/Western,A-line,Fitted/Tailored,Short,Short sleeve,Round,Crepe,Medium weight,Medium,Stretchable,Rough or woven feel,Medium,Medium,All Weather,"Festival season, Monsoon","Office, Vacation",Smart and neat,No dress code,Both,Classic styles,Simple and elegant,Minimal,"Pear, Apple, Rectangle",Warm,"18-25, 26-35, 36-50","Petite, Regular",TRUE,FALSE,FALSE,FALSE,Not Applicable,TRUE,TRUE,M,FALSE,FALSE,FALSE,TRUE,FALSE,TRUE,3.9,39,https://drive.google.com/file/d/1G7k8aaTgVYvEzxGa7C0xaGOeXThURI-t/view?usp=drive_link,https://drive.google.com/file/d/1p13UBdyfJcA9bELqOzKCwE8Dy4cqnd0q/view?usp=drive_link,"skater dress, coral pink, crepe, office, vacation, modern/western, vestige weaves, festive radiance, round, short sleeve, short, travel friendly","Vestige Weaves Skater Dress — a coral pink, skater dress in medium-weight crepe, made for office and vacation occasions. Featuring a round neckline, short sleeve, and a short hem with a fitted/tailored fit, it has a rough, woven feel and offers medium comfort for all-day wear. Simple, elegant styling. Part of the Festive Radiance collection."
DRS1024,DRS1024-SGE-M,Rukmini Couture Floral Sundress,Women's Wear,Floral Sundress,Rukmini Couture,Wedding Edit,2999,"Rs.1,500-3,000",Sage Green,Cool,Printed,Modern/Western,A-line,Regular,Knee-length,Sleeveless,Round,Cotton,Light,High,Non-Stretch,Smooth and silky,Low,High,Cool Weather,"Summer, Monsoon","Office, Vacation",Smart and neat,No dress code,Both,Latest trends,A mix of both,Balanced,"Pear, Apple, Rectangle",Neutral,"18-25, 26-35, 36-50","Petite, Regular, Tall",TRUE,TRUE,TRUE,FALSE,Not Applicable,TRUE,TRUE,M,TRUE,FALSE,FALSE,FALSE,FALSE,TRUE,4.6,101,https://drive.google.com/file/d/1g6lMaJQWEGJWvt1A9XZ5wvP11_-DzRTT/view?usp=drive_link,https://drive.google.com/file/d/1q15rX2J3zbU1eJNxo7GT7dnHo-9mGYoM/view?usp=drive_link,"floral sundress, sage green, cotton, office, vacation, modern/western, rukmini couture, wedding edit, round, sleeveless, knee-length, printed, travel friendly","Rukmini Couture Floral Sundress — a sage green, printed floral sundress in lightweight cotton, made for office and vacation occasions. Featuring a round neckline, sleeveless, and a knee-length hem with a regular fit, it has a smooth, silky feel and offers high comfort for all-day wear. Versatile styling that balances bold and simple elements. Part of the Wedding Edit collection."
DRS1025,DRS1025-BGE-M,Zephyr Label Party Bodycon Dress,Women's Wear,Party Bodycon Dress,Zephyr Label,Everyday Ease,3199,"Rs.3,000-6,000",Beige,Neutral,Plain colour,Modern/Western,Straight/Fitted,Body-hugging,Knee-length,Sleeveless,Halter,Velvet,Heavy or rich fabric,Low,Stretchable,Decorated texture,High,Low,Warm Weather,"Winter, Wedding season","Party, Festival",Rich and festive,Western clothes only,Both,Classic styles,Simple and elegant,Minimal,"Hourglass, Rectangle",All,"18-25, 26-35","Petite, Regular, Tall",TRUE,FALSE,FALSE,TRUE,Sangeet,FALSE,FALSE,M,TRUE,TRUE,FALSE,FALSE,FALSE,TRUE,3.9,101,https://drive.google.com/file/d/1JG0K9PA2nagmmf4Fhk9IbXjQXtkrXLTw/view?usp=drive_link,https://drive.google.com/file/d/12-trSXp6OmMdRiI7nvhV9i8M0WpAOkcJ/view?usp=drive_link,"party bodycon dress, beige, velvet, party, festival, modern/western, zephyr label, everyday ease, halter, sleeveless, knee-length","Zephyr Label Party Bodycon Dress — a beige, party bodycon dress in heavyweight velvet, made for party and festival occasions. Featuring a halter neckline, sleeveless, and a knee-length hem with a body-hugging fit, it has a richly decorated texture and offers low comfort for all-day wear. Simple, elegant styling. Part of the Everyday Ease collection."
DRS1051,DRS1051-MUS-XS,Meraki Studio Ruffle Hem Fit & Flare Dress,Women's Wear,Ruffle Hem Fit & Flare Dress,Meraki Studio,Signature Line,1949,"Rs.1,500-3,000",Mustard Yellow,Warm,Printed,Modern/Western,Flared,Fitted/Tailored,Knee-length,3/4th sleeve,V-neck,Chiffon,Light,High,Non-Stretch,Smooth and silky,Medium,High,Cool Weather,"Summer, Monsoon","Party, Birthday",High quality,Western clothes only,Both,Latest trends,A mix of both,Balanced,"Apple, Pear, Rectangle",Warm,"18-25, 26-35, 36-50","Petite, Regular, Tall",TRUE,FALSE,TRUE,FALSE,Not Applicable,FALSE,FALSE,XS,FALSE,FALSE,TRUE,TRUE,FALSE,FALSE,4,39,https://drive.google.com/file/d/1kKTC7Cz7vtu3l_GaS7PZMQYVHmoYQPNa/view?usp=drive_link,https://drive.google.com/file/d/1KyeqVg0-b4u3iVyMcf_I2E0LAg8FSC1U/view?usp=drive_link,"ruffle hem fit & flare dress, mustard yellow, chiffon, party, birthday, modern/western, meraki studio, signature line, v-neck, 3/4th sleeve, knee-length, printed","Meraki Studio Ruffle Hem Fit & Flare Dress — a mustard yellow, printed ruffle hem fit & flare dress in lightweight chiffon, made for party and birthday occasions. Featuring a v-neck, 3/4th sleeve, and a knee-length hem with a fitted/tailored fit, it has a smooth, silky feel and offers high comfort for all-day wear. Versatile styling that balances bold and simple elements. Part of the Signature Line collection."
DRS1051,DRS1051-NVY-S,Meraki Studio Ruffle Hem Fit & Flare Dress,Women's Wear,Ruffle Hem Fit & Flare Dress,Meraki Studio,Signature Line,1949,"Rs.1,500-3,000",Navy Blue,Cool,Printed,Modern/Western,Flared,Fitted/Tailored,Knee-length,3/4th sleeve,V-neck,Chiffon,Light,High,Non-Stretch,Smooth and silky,Medium,High,Cool Weather,"Summer, Monsoon","Party, Birthday",High quality,Western clothes only,Both,Latest trends,A mix of both,Balanced,"Apple, Pear, Rectangle",Cool,"18-25, 26-35, 36-50","Petite, Regular, Tall",TRUE,FALSE,TRUE,FALSE,Not Applicable,FALSE,FALSE,S,FALSE,FALSE,TRUE,TRUE,FALSE,FALSE,4.3,31,https://drive.google.com/file/d/1EFIy3VS2pJ-mxsNsxriVOV2I_q6uPOLv/view?usp=drive_link,https://drive.google.com/file/d/1AcQoXMX5lHv5PO3Kl9abSm67k3HDZQTd/view?usp=drive_link,"ruffle hem fit & flare dress, navy blue, chiffon, party, birthday, modern/western, meraki studio, signature line, v-neck, 3/4th sleeve, knee-length, printed","Meraki Studio Ruffle Hem Fit & Flare Dress — a navy blue, printed ruffle hem fit & flare dress in lightweight chiffon, made for party and birthday occasions. Featuring a v-neck, 3/4th sleeve, and a knee-length hem with a fitted/tailored fit, it has a smooth, silky feel and offers high comfort for all-day wear. Versatile styling that balances bold and simple elements. Part of the Signature Line collection."
DRS1051,DRS1051-WNR-M,Meraki Studio Ruffle Hem Fit & Flare Dress,Women's Wear,Ruffle Hem Fit & Flare Dress,Meraki Studio,Signature Line,1949,"Rs.1,500-3,000",Wine Red,Warm,Printed,Modern/Western,Flared,Fitted/Tailored,Knee-length,3/4th sleeve,V-neck,Chiffon,Light,High,Non-Stretch,Smooth and silky,Medium,High,Cool Weather,"Summer, Monsoon","Party, Birthday",High quality,Western clothes only,Both,Latest trends,A mix of both,Balanced,"Apple, Pear, Rectangle",Warm,"18-25, 26-35, 36-50","Petite, Regular, Tall",TRUE,FALSE,TRUE,FALSE,Not Applicable,FALSE,FALSE,M,FALSE,FALSE,TRUE,TRUE,FALSE,FALSE,3.8,28,https://drive.google.com/file/d/1cjv_suVtAx_cOQIaB6fiRsz2QWGZu4vr/view?usp=drive_link,https://drive.google.com/file/d/1TRQrXMihbfUbrtMjLOQvlLl_cO710W_P/view?usp=drive_link,"ruffle hem fit & flare dress, wine red, chiffon, party, birthday, modern/western, meraki studio, signature line, v-neck, 3/4th sleeve, knee-length, printed","Meraki Studio Ruffle Hem Fit & Flare Dress — a wine red, printed ruffle hem fit & flare dress in lightweight chiffon, made for party and birthday occasions. Featuring a v-neck, 3/4th sleeve, and a knee-length hem with a fitted/tailored fit, it has a smooth, silky feel and offers high comfort for all-day wear. Versatile styling that balances bold and simple elements. Part of the Signature Line collection."
DRS1051,DRS1051-EMR-L,Meraki Studio Ruffle Hem Fit & Flare Dress,Women's Wear,Ruffle Hem Fit & Flare Dress,Meraki Studio,Signature Line,1949,"Rs.1,500-3,000",Emerald Green,Cool,Printed,Modern/Western,Flared,Fitted/Tailored,Knee-length,3/4th sleeve,V-neck,Chiffon,Light,High,Non-Stretch,Smooth and silky,Medium,High,Cool Weather,"Summer, Monsoon","Party, Birthday",High quality,Western clothes only,Both,Latest trends,A mix of both,Balanced,"Apple, Pear, Rectangle",Cool,"18-25, 26-35, 36-50","Petite, Regular, Tall",TRUE,FALSE,TRUE,FALSE,Not Applicable,FALSE,FALSE,L,FALSE,FALSE,TRUE,TRUE,FALSE,FALSE,3.8,67,https://drive.google.com/file/d/1ARjiZw6sUnegefWazCPmJWQrg-uBC6zQ/view?usp=drive_link,https://drive.google.com/file/d/1sCDqUeLmFtnfMcJIuEbHClPKopEGkoYQ/view?usp=drive_link,"ruffle hem fit & flare dress, emerald green, chiffon, party, birthday, modern/western, meraki studio, signature line, v-neck, 3/4th sleeve, knee-length, printed","Meraki Studio Ruffle Hem Fit & Flare Dress — a emerald green, printed ruffle hem fit & flare dress in lightweight chiffon, made for party and birthday occasions. Featuring a v-neck, 3/4th sleeve, and a knee-length hem with a fitted/tailored fit, it has a smooth, silky feel and offers high comfort for all-day wear. Versatile styling that balances bold and simple elements. Part of the Signature Line collection."
DRS1051,DRS1051-BLS-XL,Meraki Studio Ruffle Hem Fit & Flare Dress,Women's Wear,Ruffle Hem Fit & Flare Dress,Meraki Studio,Signature Line,1949,"Rs.1,500-3,000",Blush Pink,Cool,Printed,Modern/Western,Flared,Fitted/Tailored,Knee-length,3/4th sleeve,V-neck,Chiffon,Light,High,Non-Stretch,Smooth and silky,Medium,High,Cool Weather,"Summer, Monsoon","Party, Birthday",High quality,Western clothes only,Both,Latest trends,A mix of both,Balanced,"Apple, Pear, Rectangle",Cool,"18-25, 26-35, 36-50","Petite, Regular, Tall",TRUE,FALSE,TRUE,FALSE,Not Applicable,FALSE,FALSE,XL,FALSE,FALSE,TRUE,TRUE,FALSE,FALSE,4.6,106,https://drive.google.com/file/d/1P6qaAteEXC7o6cBpI0JokQ9Ptu1vbM0o/view?usp=drive_link,https://drive.google.com/file/d/1g0lhi4IkSRRonG-BUfOTPv9MYg-dvKdr/view?usp=drive_link,"ruffle hem fit & flare dress, blush pink, chiffon, party, birthday, modern/western, meraki studio, signature line, v-neck, 3/4th sleeve, knee-length, printed","Meraki Studio Ruffle Hem Fit & Flare Dress — a blush pink, printed ruffle hem fit & flare dress in lightweight chiffon, made for party and birthday occasions. Featuring a v-neck, 3/4th sleeve, and a knee-length hem with a fitted/tailored fit, it has a smooth, silky feel and offers high comfort for all-day wear. Versatile styling that balances bold and simple elements. Part of the Signature Line collection."
DRS1051,DRS1051-CHR-XS,Meraki Studio Ruffle Hem Fit & Flare Dress,Women's Wear,Ruffle Hem Fit & Flare Dress,Meraki Studio,Signature Line,1949,"Rs.1,500-3,000",Charcoal Grey,Neutral,Printed,Modern/Western,Flared,Fitted/Tailored,Knee-length,3/4th sleeve,V-neck,Chiffon,Light,High,Non-Stretch,Smooth and silky,Medium,High,Cool Weather,"Summer, Monsoon","Party, Birthday",High quality,Western clothes only,Both,Latest trends,A mix of both,Balanced,"Apple, Pear, Rectangle",All,"18-25, 26-35, 36-50","Petite, Regular, Tall",TRUE,FALSE,TRUE,FALSE,Not Applicable,FALSE,FALSE,XS,FALSE,FALSE,TRUE,TRUE,FALSE,FALSE,4.2,91,https://drive.google.com/file/d/1Fysz1mtAwakYmYK27cPcVDEl527hLmwe/view?usp=drive_link,https://drive.google.com/file/d/1L51FxAP3qHvLYKut3yCJG6H9uTDCKYKE/view?usp=drive_link,"ruffle hem fit & flare dress, charcoal grey, chiffon, party, birthday, modern/western, meraki studio, signature line, v-neck, 3/4th sleeve, knee-length, printed","Meraki Studio Ruffle Hem Fit & Flare Dress — a charcoal grey, printed ruffle hem fit & flare dress in lightweight chiffon, made for party and birthday occasions. Featuring a v-neck, 3/4th sleeve, and a knee-length hem with a fitted/tailored fit, it has a smooth, silky feel and offers high comfort for all-day wear. Versatile styling that balances bold and simple elements. Part of the Signature Line collection."
DRS1051,DRS1051-SKY-S,Meraki Studio Ruffle Hem Fit & Flare Dress,Women's Wear,Ruffle Hem Fit & Flare Dress,Meraki Studio,Signature Line,1949,"Rs.1,500-3,000",Sky Blue,Cool,Printed,Modern/Western,Flared,Fitted/Tailored,Knee-length,3/4th sleeve,V-neck,Chiffon,Light,High,Non-Stretch,Smooth and silky,Medium,High,Cool Weather,"Summer, Monsoon","Party, Birthday",High quality,Western clothes only,Both,Latest trends,A mix of both,Balanced,"Apple, Pear, Rectangle",Cool,"18-25, 26-35, 36-50","Petite, Regular, Tall",TRUE,FALSE,TRUE,FALSE,Not Applicable,FALSE,FALSE,S,FALSE,FALSE,TRUE,TRUE,FALSE,FALSE,3.8,122,https://drive.google.com/file/d/1A-_tK6-DAFa5KgCZ-F7Kfbi6m5XsuhFu/view?usp=drive_link,https://drive.google.com/file/d/11td-E7sR5k53yv8dmQNG4FTJgruPdD_Y/view?usp=drive_link,"ruffle hem fit & flare dress, sky blue, chiffon, party, birthday, modern/western, meraki studio, signature line, v-neck, 3/4th sleeve, knee-length, printed","Meraki Studio Ruffle Hem Fit & Flare Dress — a sky blue, printed ruffle hem fit & flare dress in lightweight chiffon, made for party and birthday occasions. Featuring a v-neck, 3/4th sleeve, and a knee-length hem with a fitted/tailored fit, it has a smooth, silky feel and offers high comfort for all-day wear. Versatile styling that balances bold and simple elements. Part of the Signature Line collection."
DRS1051,DRS1051-CRL-M,Meraki Studio Ruffle Hem Fit & Flare Dress,Women's Wear,Ruffle Hem Fit & Flare Dress,Meraki Studio,Signature Line,1949,"Rs.1,500-3,000",Coral Pink,Warm,Printed,Modern/Western,Flared,Fitted/Tailored,Knee-length,3/4th sleeve,V-neck,Chiffon,Light,High,Non-Stretch,Smooth and silky,Medium,High,Cool Weather,"Summer, Monsoon","Party, Birthday",High quality,Western clothes only,Both,Latest trends,A mix of both,Balanced,"Apple, Pear, Rectangle",Warm,"18-25, 26-35, 36-50","Petite, Regular, Tall",TRUE,FALSE,TRUE,FALSE,Not Applicable,FALSE,FALSE,M,FALSE,FALSE,TRUE,TRUE,FALSE,FALSE,4.8,19,https://drive.google.com/file/d/1AR1Us2acfpj2spRr4CMmpkX1-Wqet2yX/view?usp=drive_link,https://drive.google.com/file/d/1xmP23lMIymPSp0wQKy5OqikxP47lPQfG/view?usp=drive_link,"ruffle hem fit & flare dress, coral pink, chiffon, party, birthday, modern/western, meraki studio, signature line, v-neck, 3/4th sleeve, knee-length, printed","Meraki Studio Ruffle Hem Fit & Flare Dress — a coral pink, printed ruffle hem fit & flare dress in lightweight chiffon, made for party and birthday occasions. Featuring a v-neck, 3/4th sleeve, and a knee-length hem with a fitted/tailored fit, it has a smooth, silky feel and offers high comfort for all-day wear. Versatile styling that balances bold and simple elements. Part of the Signature Line collection."
DRS1051,DRS1051-LAV-L,Meraki Studio Ruffle Hem Fit & Flare Dress,Women's Wear,Ruffle Hem Fit & Flare Dress,Meraki Studio,Signature Line,1949,"Rs.1,500-3,000",Lavender,Cool,Printed,Modern/Western,Flared,Fitted/Tailored,Knee-length,3/4th sleeve,V-neck,Chiffon,Light,High,Non-Stretch,Smooth and silky,Medium,High,Cool Weather,"Summer, Monsoon","Party, Birthday",High quality,Western clothes only,Both,Latest trends,A mix of both,Balanced,"Apple, Pear, Rectangle",Cool,"18-25, 26-35, 36-50","Petite, Regular, Tall",TRUE,FALSE,TRUE,FALSE,Not Applicable,FALSE,FALSE,L,FALSE,FALSE,TRUE,TRUE,FALSE,FALSE,3.7,71,https://drive.google.com/file/d/19Ajx8zFtVfh58o2H1dpM21BRH0TG3T6X/view?usp=drive_link,https://drive.google.com/file/d/13N56EMMFq2Kx9kdEAdrwyglG3zrQp8VI/view?usp=drive_link,"ruffle hem fit & flare dress, lavender, chiffon, party, birthday, modern/western, meraki studio, signature line, v-neck, 3/4th sleeve, knee-length, printed","Meraki Studio Ruffle Hem Fit & Flare Dress — a lavender, printed ruffle hem fit & flare dress in lightweight chiffon, made for party and birthday occasions. Featuring a v-neck, 3/4th sleeve, and a knee-length hem with a fitted/tailored fit, it has a smooth, silky feel and offers high comfort for all-day wear. Versatile styling that balances bold and simple elements. Part of the Signature Line collection."
DRS1051,DRS1051-WHT-XL,Meraki Studio Ruffle Hem Fit & Flare Dress,Women's Wear,Ruffle Hem Fit & Flare Dress,Meraki Studio,Signature Line,1949,"Rs.1,500-3,000",White,Neutral,Printed,Modern/Western,Flared,Fitted/Tailored,Knee-length,3/4th sleeve,V-neck,Chiffon,Light,High,Non-Stretch,Smooth and silky,Medium,High,Cool Weather,"Summer, Monsoon","Party, Birthday",High quality,Western clothes only,Both,Latest trends,A mix of both,Balanced,"Apple, Pear, Rectangle",All,"18-25, 26-35, 36-50","Petite, Regular, Tall",TRUE,FALSE,TRUE,FALSE,Not Applicable,FALSE,FALSE,XL,FALSE,FALSE,TRUE,TRUE,FALSE,FALSE,4.7,101,https://drive.google.com/file/d/1WIQv__dYEcHXEsPWIkS1A2YneK6B9LUz/view?usp=drive_link,https://drive.google.com/file/d/1X2JWOzBN6BrYaXxTYvEJUSKqyffl_SLm/view?usp=drive_link,"ruffle hem fit & flare dress, white, chiffon, party, birthday, modern/western, meraki studio, signature line, v-neck, 3/4th sleeve, knee-length, printed","Meraki Studio Ruffle Hem Fit & Flare Dress — a white, printed ruffle hem fit & flare dress in lightweight chiffon, made for party and birthday occasions. Featuring a v-neck, 3/4th sleeve, and a knee-length hem with a fitted/tailored fit, it has a smooth, silky feel and offers high comfort for all-day wear. Versatile styling that balances bold and simple elements. Part of the Signature Line collection."
DRS1026,DRS1026-EMR-M,Saffron & Sage Blazer Dress,Women's Wear,Blazer Dress,Saffron & Sage,Resort Diaries,1549,"Rs.1,500-3,000",Emerald Green,Cool,Printed,Modern/Western,Straight/Fitted,Fitted/Tailored,Knee-length,Full sleeve,Collared,Velvet,Heavy or rich fabric,Low,Stretchable,Decorated texture,High,Low,Warm Weather,"Summer, Monsoon","Wedding guest, Festival",High quality,Western clothes only,Both,Classic styles,Simple and elegant,Minimal,"Hourglass, Rectangle",Cool,"18-25, 26-35, 36-50","Petite, Regular, Tall",TRUE,TRUE,TRUE,TRUE,Reception,FALSE,TRUE,M,FALSE,FALSE,FALSE,FALSE,FALSE,FALSE,3.8,78,https://drive.google.com/file/d/1Ts3cFf1By1NMtXfqkntF8OOx2GalfBEL/view?usp=drive_link,https://drive.google.com/file/d/1Ts3cFf1By1NMtXfqkntF8OOx2GalfBEL/view?usp=drive_link,"blazer dress, emerald green, velvet, wedding guest, festival, modern/western, saffron & sage, resort diaries, collared, full sleeve, knee-length, printed","Saffron & Sage Blazer Dress — a emerald green, printed blazer dress in heavyweight velvet, made for wedding guest and festival occasions. Featuring a collared neckline, full sleeve, and a knee-length hem with a fitted/tailored fit, it has a richly decorated texture and offers low comfort for all-day wear. Simple, elegant styling. Part of the Resort Diaries collection."
DRS1027,DRS1027-BGE-M,Aura Threads Bodycon Dress,Women's Wear,Bodycon Dress,Aura Threads,Signature Line,1749,"Rs.1,500-3,000",Beige,Neutral,Printed,Modern/Western,Straight/Fitted,Body-hugging,Knee-length,Sleeveless,Round,Chanderi,Light,Medium,Non-Stretch,Decorated texture,High,Medium,Cool Weather,"Festival season, Monsoon","Festival, Formal event",Smart and neat,Western clothes only,Both,A mix of both,Simple and elegant,Minimal,"Hourglass, Rectangle",All,"18-25, 26-35, 36-50","Petite, Regular, Tall",TRUE,FALSE,TRUE,FALSE,Not Applicable,TRUE,FALSE,M,TRUE,FALSE,TRUE,FALSE,FALSE,FALSE,3.8,76,https://drive.google.com/file/d/1o4camS_CWhIzGZ65d9whfPzsnpCwdzNO/view?usp=drive_link,https://drive.google.com/file/d/1o4camS_CWhIzGZ65d9whfPzsnpCwdzNO/view?usp=drive_link,"bodycon dress, beige, chanderi, festival, formal event, modern/western, aura threads, signature line, round, sleeveless, knee-length, printed, travel friendly","Aura Threads Bodycon Dress — a beige, printed bodycon dress in lightweight chanderi, made for festival and formal event occasions. Featuring a round neckline, sleeveless, and a knee-length hem with a body-hugging fit, it has a richly decorated texture and offers medium comfort for all-day wear. Simple, elegant styling. Part of the Signature Line collection."
DRS1028,DRS1028-SKY-S,Willow & Weave Ikat Print Dress,Women's Wear,Ikat Print Dress,Willow & Weave,Wedding Edit,5699,"Rs.3,000-6,000",Sky Blue,Cool,Printed,Modern/Western,A-line,Regular,Knee-length,Short sleeve,Collared,Chanderi,Light,Medium,Non-Stretch,Decorated texture,High,Medium,Cool Weather,"Festival season, Summer","Office, Everyday wear",Smart and neat,Western clothes only,Both,Classic styles,Simple and elegant,Minimal,"Pear, Apple, Rectangle",Cool,"18-25, 26-35, 36-50","Petite, Regular, Tall",TRUE,FALSE,TRUE,FALSE,Not Applicable,TRUE,TRUE,S,TRUE,FALSE,TRUE,TRUE,FALSE,FALSE,3.8,62,https://drive.google.com/file/d/19qhnTIDXYCUpoQ2pB0f7zEde2qr0DbyI/view?usp=drive_link,https://drive.google.com/file/d/19qhnTIDXYCUpoQ2pB0f7zEde2qr0DbyI/view?usp=drive_link,"ikat print dress, sky blue, chanderi, office, everyday wear, modern/western, willow & weave, wedding edit, collared, short sleeve, knee-length, printed, travel friendly","Willow & Weave Ikat Print Dress — a sky blue, printed ikat print dress in lightweight chanderi, made for office and everyday wear occasions. Featuring a collared neckline, short sleeve, and a knee-length hem with a regular fit, it has a richly decorated texture and offers medium comfort for all-day wear. Simple, elegant styling. Part of the Wedding Edit collection."
DRS1029,DRS1029-MRN-M,Saffron & Sage Ruffle Hem Fit & Flare Dress,Women's Wear,Ruffle Hem Fit & Flare Dress,Saffron & Sage,Everyday Ease,1849,"Rs.1,500-3,000",Maroon,Warm,Plain colour,Modern/Western,Flared,Fitted/Tailored,Knee-length,3/4th sleeve,V-neck,Crepe,Medium weight,Medium,Stretchable,Rough or woven feel,Medium,Medium,All Weather,"Summer, Monsoon","Wedding guest, Festival",High quality,Western clothes only,Both,Latest trends,A mix of both,Balanced,"Apple, Pear, Rectangle",Warm,"18-25, 26-35, 36-50","Petite, Regular, Tall",TRUE,FALSE,TRUE,TRUE,Reception,FALSE,FALSE,M,FALSE,FALSE,FALSE,FALSE,FALSE,TRUE,4.6,104,https://drive.google.com/file/d/1me9mWQA7Pb7Ys8NMzcpXON7s0Makzomg/view?usp=drive_link,https://drive.google.com/file/d/1me9mWQA7Pb7Ys8NMzcpXON7s0Makzomg/view?usp=drive_link,"ruffle hem fit & flare dress, maroon, crepe, wedding guest, festival, modern/western, saffron & sage, everyday ease, v-neck, 3/4th sleeve, knee-length","Saffron & Sage Ruffle Hem Fit & Flare Dress — a maroon, ruffle hem fit & flare dress in medium-weight crepe, made for wedding guest and festival occasions. Featuring a v-neck, 3/4th sleeve, and a knee-length hem with a fitted/tailored fit, it has a rough, woven feel and offers medium comfort for all-day wear. Versatile styling that balances bold and simple elements. Part of the Everyday Ease collection."
DRS1030,DRS1030-EMR-M,Vestige Weaves Chikankari Kurti Dress,Women's Wear,Chikankari Kurti Dress,Vestige Weaves,Monsoon Muse,899,"Under Rs.1,500",Emerald Green,Cool,Plain colour,Modern/Western,A-line,Loose and relaxed,Calf-length,3/4th sleeve,Round,Chiffon,Light,High,Non-Stretch,Smooth and silky,Medium,High,Cool Weather,"Summer, Monsoon","Birthday, Party",Smart and neat,No dress code,Both,Latest trends,Simple and elegant,Minimal,"Pear, Apple, Rectangle",Cool,"18-25, 26-35, 36-50","Petite, Regular, Tall",TRUE,FALSE,FALSE,FALSE,Not Applicable,FALSE,FALSE,M,FALSE,TRUE,FALSE,FALSE,FALSE,FALSE,3.9,100,https://drive.google.com/file/d/1nbD0wM16FsHkLOXiYM0o9x96gieVytUU/view?usp=drive_link,https://drive.google.com/file/d/1nbD0wM16FsHkLOXiYM0o9x96gieVytUU/view?usp=drive_link,"chikankari kurti dress, emerald green, chiffon, birthday, party, modern/western, vestige weaves, monsoon muse, round, 3/4th sleeve, calf-length","Vestige Weaves Chikankari Kurti Dress — a emerald green, chikankari kurti dress in lightweight chiffon, made for birthday and party occasions. Featuring a round neckline, 3/4th sleeve, and a calf-length hem with a loose and relaxed fit, it has a smooth, silky feel and offers high comfort for all-day wear. Simple, elegant styling. Part of the Monsoon Muse collection."
DRS1031,DRS1031-SGE-M,Aura Threads Denim-Style Shirt Dress,Women's Wear,Denim-Style Shirt Dress,Aura Threads,Summer Bloom,1699,"Rs.1,500-3,000",Sage Green,Cool,Printed,Modern/Western,Straight/Fitted,Regular,Knee-length,Short sleeve,Collared,Crepe,Medium weight,Medium,Stretchable,Rough or woven feel,Medium,Medium,All Weather,"Summer, Monsoon","Vacation, Birthday",High quality,Western clothes only,Both,A mix of both,A mix of both,Balanced,"Hourglass, Rectangle",Neutral,"18-25, 26-35, 36-50","Petite, Regular, Tall",TRUE,FALSE,TRUE,FALSE,Not Applicable,FALSE,FALSE,M,FALSE,FALSE,FALSE,TRUE,FALSE,FALSE,4.5,30,https://drive.google.com/file/d/11CGLeLw9jNrImw4kHJBdf5ctT52afI5l/view?usp=drive_link,https://drive.google.com/file/d/11CGLeLw9jNrImw4kHJBdf5ctT52afI5l/view?usp=drive_link,"denim-style shirt dress, sage green, crepe, vacation, birthday, modern/western, aura threads, summer bloom, collared, short sleeve, knee-length, printed","Aura Threads Denim-Style Shirt Dress — a sage green, printed denim-style shirt dress in medium-weight crepe, made for vacation and birthday occasions. Featuring a collared neckline, short sleeve, and a knee-length hem with a regular fit, it has a rough, woven feel and offers medium comfort for all-day wear. Versatile styling that balances bold and simple elements. Part of the Summer Bloom collection."
DRS1032,DRS1032-SKY-XL,Zephyr Label Button-Down Shirt Dress,Women's Wear,Button-Down Shirt Dress,Zephyr Label,Wedding Edit,1849,"Rs.1,500-3,000",Sky Blue,Cool,Printed,Modern/Western,Straight/Fitted,Regular,Knee-length,Full sleeve,Collared,Linen,Light,High,Non-Stretch,Rough or woven feel,Medium,High,Cool Weather,Summer,"Party, Office",Simple,No dress code,Both,A mix of both,Simple and elegant,Minimal,"Hourglass, Rectangle",Cool,"18-25, 26-35, 36-50","Regular, Tall",FALSE,FALSE,TRUE,FALSE,Not Applicable,FALSE,FALSE,XL,FALSE,TRUE,FALSE,FALSE,FALSE,FALSE,4.2,27,https://drive.google.com/file/d/1QEtBR0ZwaVU5XenO774ckMelARn0SK5q/view?usp=drive_link,https://drive.google.com/file/d/1QEtBR0ZwaVU5XenO774ckMelARn0SK5q/view?usp=drive_link,"button-down shirt dress, sky blue, linen, party, office, modern/western, zephyr label, wedding edit, collared, full sleeve, knee-length, printed","Zephyr Label Button-Down Shirt Dress — a sky blue, printed button-down shirt dress in lightweight linen, made for party and office occasions. Featuring a collared neckline, full sleeve, and a knee-length hem with a regular fit, it has a rough, woven feel and offers high comfort for all-day wear. Simple, elegant styling. Part of the Wedding Edit collection."
DRS1033,DRS1033-BGE-XL,Vestige Weaves Corset Waist Dress,Women's Wear,Corset Waist Dress,Vestige Weaves,Wedding Edit,1499,"Under Rs.1,500",Beige,Neutral,Printed,Modern/Western,Straight/Fitted,Body-hugging,Knee-length,Sleeveless,V-neck,Chanderi,Light,Medium,Non-Stretch,Decorated texture,High,Medium,Cool Weather,"Wedding season, Festival season","Festival, Formal event",Bold and eye-catching,Western clothes only,Indoors,A mix of both,Bold and eye-catching,Maximal,"Hourglass, Rectangle",All,"18-25, 26-35, 36-50","Petite, Regular, Tall",TRUE,FALSE,TRUE,TRUE,Sangeet,FALSE,TRUE,XL,FALSE,FALSE,TRUE,FALSE,TRUE,FALSE,4.2,102,https://drive.google.com/file/d/1ePUWPkxhwvIHsceK_j3DF_YyEEBQFgkN/view?usp=drive_link,https://drive.google.com/file/d/1ePUWPkxhwvIHsceK_j3DF_YyEEBQFgkN/view?usp=drive_link,"corset waist dress, beige, chanderi, festival, formal event, modern/western, vestige weaves, wedding edit, v-neck, sleeveless, knee-length, printed","Vestige Weaves Corset Waist Dress — a beige, printed corset waist dress in lightweight chanderi, made for festival and formal event occasions. Featuring a v-neck, sleeveless, and a knee-length hem with a body-hugging fit, it has a richly decorated texture and offers medium comfort for all-day wear. Bold, eye-catching styling. Part of the Wedding Edit collection."
DRS1034,DRS1034-NVY-L,Aura Threads Handloom Cotton Dress,Women's Wear,Handloom Cotton Dress,Aura Threads,Heritage Fusion,799,"Under Rs.1,500",Navy Blue,Cool,Printed,Modern/Western,A-line,Regular,Knee-length,Short sleeve,Round,Chanderi,Light,Medium,Non-Stretch,Decorated texture,High,Medium,Cool Weather,"Summer, Monsoon","Vacation, Birthday",Smart and neat,No dress code,Both,Classic styles,A mix of both,Balanced,"Pear, Apple, Rectangle",Neutral,"18-25, 26-35, 36-50","Petite, Regular, Tall",TRUE,TRUE,TRUE,FALSE,Not Applicable,TRUE,TRUE,L,FALSE,FALSE,FALSE,FALSE,FALSE,FALSE,3.7,29,https://drive.google.com/file/d/1h7XuQWAwpM3eA6thHOgZJH9ZsKOym-PT/view?usp=drive_link,https://drive.google.com/file/d/1h7XuQWAwpM3eA6thHOgZJH9ZsKOym-PT/view?usp=drive_link,"handloom cotton dress, navy blue, chanderi, vacation, birthday, modern/western, aura threads, heritage fusion, round, short sleeve, knee-length, printed, travel friendly","Aura Threads Handloom Cotton Dress — a navy blue, printed handloom cotton dress in lightweight chanderi, made for vacation and birthday occasions. Featuring a round neckline, short sleeve, and a knee-length hem with a regular fit, it has a richly decorated texture and offers medium comfort for all-day wear. Versatile styling that balances bold and simple elements. Part of the Heritage Fusion collection."
DRS1035,DRS1035-MUS-M,Aura Threads Kaftan Dress,Women's Wear,Kaftan Dress,Aura Threads,Resort Diaries,1899,"Rs.1,500-3,000",Mustard Yellow,Warm,Plain colour,Fusion (mixed styles),Flared,Loose and relaxed,Full-length,Full sleeve,Round,Cotton,Light,High,Non-Stretch,Smooth and silky,Low,High,All Weather,"Wedding season, Festival season","Office, Vacation",Bold and eye-catching,No dress code,Both,Latest trends,Bold and eye-catching,Maximal,"Apple, Pear, Rectangle",Warm,"18-25, 26-35, 36-50","Petite, Regular, Tall",TRUE,FALSE,TRUE,TRUE,Sangeet,FALSE,TRUE,M,FALSE,FALSE,TRUE,TRUE,FALSE,FALSE,4.3,51,https://drive.google.com/file/d/1tRPS-CFObERSiI9TGagFAfzinJTFe14v/view?usp=drive_link,https://drive.google.com/file/d/1tRPS-CFObERSiI9TGagFAfzinJTFe14v/view?usp=drive_link,"kaftan dress, mustard yellow, cotton, office, vacation, fusion (mixed styles), aura threads, resort diaries, round, full sleeve, full-length","Aura Threads Kaftan Dress — a mustard yellow, kaftan dress in lightweight cotton, made for office and vacation occasions. Featuring a round neckline, full sleeve, and a full-length hem with a loose and relaxed fit, it has a smooth, silky feel and offers high comfort for all-day wear. Bold, eye-catching styling. Part of the Resort Diaries collection."
DRS1036,DRS1036-MRN-M,Northgate Apparel Shirt Dress,Women's Wear,Shirt Dress,Northgate Apparel,Festive Radiance,2099,"Rs.1,500-3,000",Maroon,Warm,Plain colour,Modern/Western,Straight/Fitted,Regular,Knee-length,Full sleeve,Collared,Crepe,Medium weight,Medium,Stretchable,Rough or woven feel,Medium,Medium,All Weather,"Festival season, Monsoon","Vacation, Birthday",High quality,No dress code,Both,A mix of both,A mix of both,Balanced,"Hourglass, Rectangle",Warm,"18-25, 26-35, 36-50","Petite, Regular, Tall",TRUE,FALSE,TRUE,FALSE,Not Applicable,FALSE,FALSE,M,TRUE,FALSE,FALSE,TRUE,FALSE,FALSE,4.6,15,https://drive.google.com/file/d/11dzZKM8b3DXDMab2yX8oO5je_6ayUbOV/view?usp=drive_link,https://drive.google.com/file/d/11dzZKM8b3DXDMab2yX8oO5je_6ayUbOV/view?usp=drive_link,"shirt dress, maroon, crepe, vacation, birthday, modern/western, northgate apparel, festive radiance, collared, full sleeve, knee-length","Northgate Apparel Shirt Dress — a maroon, shirt dress in medium-weight crepe, made for vacation and birthday occasions. Featuring a collared neckline, full sleeve, and a knee-length hem with a regular fit, it has a rough, woven feel and offers medium comfort for all-day wear. Versatile styling that balances bold and simple elements. Part of the Festive Radiance collection."
DRS1037,DRS1037-BLK-M,Ivory Loom Sheath Dress,Women's Wear,Sheath Dress,Ivory Loom,Festive Radiance,1699,"Rs.1,500-3,000",Black,Neutral,Embroidered or decorated,Modern/Western,Straight/Fitted,Fitted/Tailored,Knee-length,Sleeveless,Boat neck,Crepe,Medium weight,Medium,Stretchable,Rough or woven feel,Medium,Medium,All Weather,"Festival season, Summer","Vacation, Birthday",Smart and neat,Western clothes only,Both,Classic styles,A mix of both,Balanced,"Hourglass, Rectangle",All,"18-25, 26-35, 36-50","Petite, Regular, Tall",TRUE,TRUE,FALSE,FALSE,Not Applicable,FALSE,FALSE,M,TRUE,TRUE,FALSE,TRUE,FALSE,FALSE,4.1,75,https://drive.google.com/file/d/1guVrtp-EIEfSNQ8v8j67zPJ64OCAZ5El/view?usp=drive_link,https://drive.google.com/file/d/1guVrtp-EIEfSNQ8v8j67zPJ64OCAZ5El/view?usp=drive_link,"sheath dress, black, crepe, vacation, birthday, modern/western, ivory loom, festive radiance, boat neck, sleeveless, knee-length, embroidered or decorated","Ivory Loom Sheath Dress — a black, embroidered sheath dress in medium-weight crepe, made for vacation and birthday occasions. Featuring a boat neck, sleeveless, and a knee-length hem with a fitted/tailored fit, it has a rough, woven feel and offers medium comfort for all-day wear. Versatile styling that balances bold and simple elements. Part of the Festive Radiance collection."
DRS1038,DRS1038-LAV-S,Meraki Studio Puff Sleeve Fit & Flare Dress,Women's Wear,Puff Sleeve Fit & Flare Dress,Meraki Studio,Resort Diaries,2349,"Rs.1,500-3,000",Lavender,Cool,Plain colour,Modern/Western,Empire,Fitted/Tailored,Knee-length,Full sleeve,Round,Crepe,Medium weight,Medium,Stretchable,Rough or woven feel,Medium,Medium,All Weather,"Wedding season, Festival season","Vacation, Birthday",High quality,No dress code,Indoors,A mix of both,A mix of both,Balanced,"Apple, Hourglass",Neutral,"18-25, 26-35, 36-50","Petite, Regular, Tall",TRUE,FALSE,FALSE,TRUE,Reception,FALSE,TRUE,S,FALSE,FALSE,FALSE,FALSE,FALSE,FALSE,4.6,69,https://drive.google.com/file/d/1048_v7L-CXXXVQ9hG0OgxXVcWpl5h3Bk/view?usp=drive_link,https://drive.google.com/file/d/1048_v7L-CXXXVQ9hG0OgxXVcWpl5h3Bk/view?usp=drive_link,"puff sleeve fit & flare dress, lavender, crepe, vacation, birthday, modern/western, meraki studio, resort diaries, round, full sleeve, knee-length","Meraki Studio Puff Sleeve Fit & Flare Dress — a lavender, puff sleeve fit & flare dress in medium-weight crepe, made for vacation and birthday occasions. Featuring a round neckline, full sleeve, and a knee-length hem with a fitted/tailored fit, it has a rough, woven feel and offers medium comfort for all-day wear. Versatile styling that balances bold and simple elements. Part of the Resort Diaries collection."
DRS1039,DRS1039-CHR-L,Ivory Loom Off-Shoulder Dress,Women's Wear,Off-Shoulder Dress,Ivory Loom,Festive Radiance,1399,"Under Rs.1,500",Charcoal Grey,Neutral,Plain colour,Modern/Western,A-line,Fitted/Tailored,Knee-length,Short sleeve,Boat neck,Georgette,Light,Medium,Non-Stretch,Decorated texture,Medium,Medium,Cool Weather,"Festival season, Monsoon","Vacation, Photo shoot",Smart and neat,No dress code,Both,Latest trends,A mix of both,Balanced,"Pear, Apple, Rectangle",All,"18-25, 26-35, 36-50","Petite, Regular, Tall",TRUE,TRUE,TRUE,FALSE,Not Applicable,TRUE,TRUE,L,FALSE,FALSE,FALSE,TRUE,TRUE,FALSE,4,28,https://drive.google.com/file/d/1P7IFVEdNsFI9T2u4bbNVBTa7Eb5nukUJ/view?usp=drive_link,https://drive.google.com/file/d/1P7IFVEdNsFI9T2u4bbNVBTa7Eb5nukUJ/view?usp=drive_link,"off-shoulder dress, charcoal grey, georgette, vacation, photo shoot, modern/western, ivory loom, festive radiance, boat neck, short sleeve, knee-length, travel friendly","Ivory Loom Off-Shoulder Dress — a charcoal grey, off-shoulder dress in lightweight georgette, made for vacation and photo shoot occasions. Featuring a boat neck, short sleeve, and a knee-length hem with a fitted/tailored fit, it has a richly decorated texture and offers medium comfort for all-day wear. Versatile styling that balances bold and simple elements. Part of the Festive Radiance collection."
DRS1040,DRS1040-EMR-M,Meraki Studio A-Line Dress,Women's Wear,A-Line Dress,Meraki Studio,Summer Bloom,2549,"Rs.1,500-3,000",Emerald Green,Cool,Plain colour,Mix of Indian and Western,A-line,Regular,Knee-length,Short sleeve,Round,Chanderi,Light,Medium,Non-Stretch,Decorated texture,High,Medium,All Weather,"Festival season, Monsoon","Party, Formal event",Bold and eye-catching,Mix of both,Indoors,Latest trends,Bold and eye-catching,Maximal,"Pear, Apple, Rectangle",Neutral,"18-25, 26-35, 36-50","Regular, Tall",FALSE,FALSE,TRUE,FALSE,Not Applicable,FALSE,FALSE,M,TRUE,FALSE,TRUE,FALSE,FALSE,FALSE,4.4,70,https://drive.google.com/file/d/1nKQaI0_UaCUV1QZx8jMHKPJegQK1Gxl9/view?usp=drive_link,https://drive.google.com/file/d/1nKQaI0_UaCUV1QZx8jMHKPJegQK1Gxl9/view?usp=drive_link,"a-line dress, emerald green, chanderi, party, formal event, mix of indian and western, meraki studio, summer bloom, round, short sleeve, knee-length","Meraki Studio A-Line Dress — a emerald green, a-line dress in lightweight chanderi, made for party and formal event occasions. Featuring a round neckline, short sleeve, and a knee-length hem with a regular fit, it has a richly decorated texture and offers medium comfort for all-day wear. Bold, eye-catching styling. Part of the Summer Bloom collection."
SKT2001,SKT2001-BGE-M,Kavali Atelier Handloom Cotton Skirt,Women's Wear,Handloom Cotton Skirt,Kavali Atelier,Winter Warmth,2149,"Rs.1,500-3,000",Beige,Neutral,Plain colour,Modern/Western,A-line,Loose and relaxed,Calf-length,Not Applicable,Not Applicable,Chiffon,Light,High,Non-Stretch,Smooth and silky,Medium,High,Cool Weather,"Summer, Monsoon","Festival, Party",High quality,Western clothes only,Indoors,A mix of both,A mix of both,Balanced,"Pear, Apple, Rectangle",All,"26-35, 36-50","Petite, Regular, Tall",TRUE,TRUE,TRUE,FALSE,Not Applicable,FALSE,TRUE,M,FALSE,FALSE,FALSE,TRUE,FALSE,FALSE,4.6,43,https://drive.google.com/file/d/18xvEgLeFXtOwIJ2LYN9mbe_6Zu-ceuru/view?usp=drive_link,https://drive.google.com/file/d/18xvEgLeFXtOwIJ2LYN9mbe_6Zu-ceuru/view?usp=drive_link,"handloom cotton skirt, beige, chiffon, festival, party, modern/western, kavali atelier, winter warmth, calf-length","Kavali Atelier Handloom Cotton Skirt — a beige, handloom cotton skirt in lightweight chiffon, made for festival and party occasions. Featuring a calf-length hem with a loose and relaxed fit, it has a smooth, silky feel and offers high comfort for all-day wear. Versatile styling that balances bold and simple elements. Part of the Winter Warmth collection."
SKT2002,SKT2002-BLK-M,Rukmini Couture A-Line Skirt,Women's Wear,A-Line Skirt,Rukmini Couture,Festive Radiance,2849,"Rs.1,500-3,000",Black,Neutral,Printed,Modern/Western,A-line,Regular,Knee-length,Not Applicable,Not Applicable,Silk,Medium weight,Medium,Non-Stretch,Smooth and silky,High,Medium,All Weather,"Wedding season, Festival season","Everyday wear, Photo shoot",Smart and neat,Western clothes only,Both,Latest trends,A mix of both,Balanced,"Pear, Apple, Rectangle",All,"18-25, 26-35, 36-50","Petite, Regular, Tall",TRUE,FALSE,TRUE,TRUE,Sangeet,TRUE,FALSE,M,FALSE,FALSE,TRUE,TRUE,FALSE,FALSE,4.8,118,https://drive.google.com/file/d/1ZAtz5wTUcXKghdMrJ-P5Qfn9Hd-jv-UJ/view?usp=drive_link,https://drive.google.com/file/d/1ZAtz5wTUcXKghdMrJ-P5Qfn9Hd-jv-UJ/view?usp=drive_link,"a-line skirt, black, silk, everyday wear, photo shoot, modern/western, rukmini couture, festive radiance, knee-length, printed, travel friendly","Rukmini Couture A-Line Skirt — a black, printed a-line skirt in medium-weight silk, made for everyday wear and photo shoot occasions. Featuring a knee-length hem with a regular fit, it has a smooth, silky feel and offers medium comfort for all-day wear. Versatile styling that balances bold and simple elements. Part of the Festive Radiance collection."
SKT2003,SKT2003-NVY-M,Vestige Weaves Pencil Skirt,Women's Wear,Pencil Skirt,Vestige Weaves,Wedding Edit,2549,"Rs.1,500-3,000",Navy Blue,Cool,Printed,Modern/Western,Straight/Fitted,Fitted/Tailored,Knee-length,Not Applicable,Not Applicable,Silk,Medium weight,Medium,Non-Stretch,Smooth and silky,High,Medium,All Weather,"Wedding season, Festival season","Photo shoot, Vacation",High quality,Western clothes only,Both,Latest trends,A mix of both,Balanced,"Hourglass, Rectangle",Cool,"18-25, 26-35, 36-50","Petite, Regular, Tall",TRUE,TRUE,TRUE,TRUE,Sangeet,TRUE,TRUE,M,FALSE,FALSE,FALSE,TRUE,TRUE,FALSE,4,72,https://drive.google.com/file/d/1QXSjLVLU5XLZfB0GhtUxx8VJ0j6uF2X6/view?usp=drive_link,https://drive.google.com/file/d/1QXSjLVLU5XLZfB0GhtUxx8VJ0j6uF2X6/view?usp=drive_link,"pencil skirt, navy blue, silk, photo shoot, vacation, modern/western, vestige weaves, wedding edit, knee-length, printed, travel friendly","Vestige Weaves Pencil Skirt — a navy blue, printed pencil skirt in medium-weight silk, made for photo shoot and vacation occasions. Featuring a knee-length hem with a fitted/tailored fit, it has a smooth, silky feel and offers medium comfort for all-day wear. Versatile styling that balances bold and simple elements. Part of the Wedding Edit collection."
SKT2004,SKT2004-WNR-M,Aura Threads Wrap Skirt,Women's Wear,Wrap Skirt,Aura Threads,Wedding Edit,1049,"Under Rs.1,500",Wine Red,Warm,Printed,Modern/Western,A-line,Regular,Knee-length,Not Applicable,Not Applicable,Silk,Medium weight,Medium,Non-Stretch,Smooth and silky,High,Medium,All Weather,"Summer, Monsoon","Photo shoot, Vacation",High quality,No dress code,Both,A mix of both,A mix of both,Balanced,"Pear, Apple, Rectangle",Warm,"18-25, 26-35, 36-50","Regular, Tall",FALSE,FALSE,TRUE,FALSE,Not Applicable,FALSE,FALSE,M,FALSE,TRUE,FALSE,FALSE,FALSE,FALSE,3.9,31,https://drive.google.com/file/d/15m9UNVd_xgxlLusqio8eGQ1xGDammbH_/view?usp=drive_link,https://drive.google.com/file/d/15m9UNVd_xgxlLusqio8eGQ1xGDammbH_/view?usp=drive_link,"wrap skirt, wine red, silk, photo shoot, vacation, modern/western, aura threads, wedding edit, knee-length, printed","Aura Threads Wrap Skirt — a wine red, printed wrap skirt in medium-weight silk, made for photo shoot and vacation occasions. Featuring a knee-length hem with a regular fit, it has a smooth, silky feel and offers medium comfort for all-day wear. Versatile styling that balances bold and simple elements. Part of the Wedding Edit collection."
SKT2005,SKT2005-LAV-XS,Aura Threads Denim-Style Skirt,Women's Wear,Denim-Style Skirt,Aura Threads,Heritage Fusion,899,"Under Rs.1,500",Lavender,Cool,Printed,Mix of Indian and Western,Straight/Fitted,Regular,Knee-length,Not Applicable,Not Applicable,Cotton,Light,High,Non-Stretch,Smooth and silky,Low,High,Cool Weather,"Festival season, Monsoon","Birthday, Office",Bold and eye-catching,Mix of both,Indoors,Latest trends,Bold and eye-catching,Maximal,"Hourglass, Rectangle",Cool,"18-25, 26-35, 36-50","Petite, Regular, Tall",TRUE,FALSE,TRUE,FALSE,Not Applicable,FALSE,FALSE,XS,FALSE,FALSE,TRUE,FALSE,FALSE,FALSE,3.6,103,https://drive.google.com/file/d/1SHZLopI13a3OC6afFcI5fhnAw1YcQpUh/view?usp=drive_link,https://drive.google.com/file/d/1SHZLopI13a3OC6afFcI5fhnAw1YcQpUh/view?usp=drive_link,"denim-style skirt, lavender, cotton, birthday, office, mix of indian and western, aura threads, heritage fusion, knee-length, printed","Aura Threads Denim-Style Skirt — a lavender, printed denim-style skirt in lightweight cotton, made for birthday and office occasions. Featuring a knee-length hem with a regular fit, it has a smooth, silky feel and offers high comfort for all-day wear. Bold, eye-catching styling. Part of the Heritage Fusion collection."
SKT2006,SKT2006-WNR-L,Meraki Studio Handloom Cotton Skirt,Women's Wear,Handloom Cotton Skirt,Meraki Studio,Monsoon Muse,749,"Under Rs.1,500",Wine Red,Warm,Plain colour,Mix of Indian and Western,A-line,Loose and relaxed,Calf-length,Not Applicable,Not Applicable,Chanderi,Light,Medium,Non-Stretch,Decorated texture,High,Medium,Cool Weather,"Festival season, Monsoon","Party, Office",Bold and eye-catching,Mix of both,Both,Latest trends,Bold and eye-catching,Maximal,"Pear, Apple, Rectangle",Warm,"18-25, 26-35, 36-50","Regular, Tall",FALSE,TRUE,TRUE,FALSE,Not Applicable,FALSE,FALSE,L,FALSE,FALSE,TRUE,FALSE,FALSE,TRUE,4.2,108,https://drive.google.com/file/d/1OH4aPtrDm3SNxwlhfSsp8ZjxPNUKmeux/view?usp=drive_link,https://drive.google.com/file/d/1OH4aPtrDm3SNxwlhfSsp8ZjxPNUKmeux/view?usp=drive_link,"handloom cotton skirt, wine red, chanderi, party, office, mix of indian and western, meraki studio, monsoon muse, calf-length","Meraki Studio Handloom Cotton Skirt — a wine red, handloom cotton skirt in lightweight chanderi, made for party and office occasions. Featuring a calf-length hem with a loose and relaxed fit, it has a richly decorated texture and offers medium comfort for all-day wear. Bold, eye-catching styling. Part of the Monsoon Muse collection."
SKT2007,SKT2007-NVY-XL,Rukmini Couture Handloom Cotton Skirt,Women's Wear,Handloom Cotton Skirt,Rukmini Couture,Heritage Fusion,2499,"Rs.1,500-3,000",Navy Blue,Cool,Plain colour,Modern/Western,A-line,Loose and relaxed,Calf-length,Not Applicable,Not Applicable,Georgette,Light,Medium,Non-Stretch,Decorated texture,Medium,Medium,Cool Weather,"Festival season, Summer","Party, Wedding guest",Smart and neat,No dress code,Indoors,Latest trends,Simple and elegant,Minimal,"Pear, Apple, Rectangle",Cool,"18-25, 26-35, 36-50","Regular, Tall",FALSE,TRUE,TRUE,TRUE,Reception,TRUE,FALSE,XL,FALSE,FALSE,TRUE,FALSE,FALSE,FALSE,4.3,46,https://drive.google.com/file/d/182F2Z2UafXdNQfTbx9BbOZyz4Isn28t_/view?usp=drive_link,https://drive.google.com/file/d/182F2Z2UafXdNQfTbx9BbOZyz4Isn28t_/view?usp=drive_link,"handloom cotton skirt, navy blue, georgette, party, wedding guest, modern/western, rukmini couture, heritage fusion, calf-length, travel friendly","Rukmini Couture Handloom Cotton Skirt — a navy blue, handloom cotton skirt in lightweight georgette, made for party and wedding guest occasions. Featuring a calf-length hem with a loose and relaxed fit, it has a richly decorated texture and offers medium comfort for all-day wear. Simple, elegant styling. Part of the Heritage Fusion collection."
SKT2008,SKT2008-LAV-XS,Zephyr Label Pencil Skirt,Women's Wear,Pencil Skirt,Zephyr Label,Festive Radiance,2299,"Rs.1,500-3,000",Lavender,Cool,Printed,Modern/Western,Straight/Fitted,Fitted/Tailored,Knee-length,Not Applicable,Not Applicable,Chiffon,Light,High,Non-Stretch,Smooth and silky,Medium,High,Cool Weather,"Summer, Monsoon","Party, Wedding guest",Smart and neat,Western clothes only,Both,Classic styles,Simple and elegant,Minimal,"Hourglass, Rectangle",Neutral,"18-25, 26-35, 36-50","Petite, Regular, Tall",TRUE,TRUE,TRUE,TRUE,Sangeet,FALSE,TRUE,XS,FALSE,FALSE,FALSE,TRUE,FALSE,TRUE,4.4,104,https://drive.google.com/file/d/1UraO102re5M-DJNCgYUu-1eZ3jhbF2zL/view?usp=drive_link,https://drive.google.com/file/d/1UraO102re5M-DJNCgYUu-1eZ3jhbF2zL/view?usp=drive_link,"pencil skirt, lavender, chiffon, party, wedding guest, modern/western, zephyr label, festive radiance, knee-length, printed","Zephyr Label Pencil Skirt — a lavender, printed pencil skirt in lightweight chiffon, made for party and wedding guest occasions. Featuring a knee-length hem with a fitted/tailored fit, it has a smooth, silky feel and offers high comfort for all-day wear. Simple, elegant styling. Part of the Festive Radiance collection."
SKT2009,SKT2009-BLK-XS,Ivory Loom Box Pleat Skirt,Women's Wear,Box Pleat Skirt,Ivory Loom,Monsoon Muse,2749,"Rs.1,500-3,000",Black,Neutral,Printed,Modern/Western,A-line,Regular,Knee-length,Not Applicable,Not Applicable,Silk,Medium weight,Medium,Non-Stretch,Smooth and silky,High,Medium,All Weather,"Summer, Monsoon","Birthday, Office",Smart and neat,Western clothes only,Both,Latest trends,A mix of both,Balanced,"Pear, Apple, Rectangle",All,"18-25, 26-35, 36-50","Petite, Regular, Tall",TRUE,FALSE,TRUE,FALSE,Not Applicable,TRUE,TRUE,XS,FALSE,FALSE,FALSE,FALSE,FALSE,FALSE,4.2,80,https://drive.google.com/file/d/1sA4GcRu3vinlBTFsttVJAuut6kxkSF7x/view?usp=drive_link,https://drive.google.com/file/d/1sA4GcRu3vinlBTFsttVJAuut6kxkSF7x/view?usp=drive_link,"box pleat skirt, black, silk, birthday, office, modern/western, ivory loom, monsoon muse, knee-length, printed, travel friendly","Ivory Loom Box Pleat Skirt — a black, printed box pleat skirt in medium-weight silk, made for birthday and office occasions. Featuring a knee-length hem with a regular fit, it has a smooth, silky feel and offers medium comfort for all-day wear. Versatile styling that balances bold and simple elements. Part of the Monsoon Muse collection."
SKT2010,SKT2010-SKY-M,Vestige Weaves Denim-Style Skirt,Women's Wear,Denim-Style Skirt,Vestige Weaves,City Nights,2599,"Rs.1,500-3,000",Sky Blue,Cool,Plain colour,Modern/Western,Straight/Fitted,Regular,Knee-length,Not Applicable,Not Applicable,Georgette,Light,Medium,Non-Stretch,Decorated texture,Medium,Medium,Cool Weather,"Summer, Monsoon","Vacation, Photo shoot",High quality,No dress code,Both,A mix of both,A mix of both,Balanced,"Hourglass, Rectangle",Cool,"18-25, 26-35, 36-50","Regular, Tall",FALSE,TRUE,TRUE,FALSE,Not Applicable,FALSE,FALSE,M,FALSE,FALSE,TRUE,TRUE,FALSE,FALSE,3.8,34,https://drive.google.com/file/d/1UuBZW6D6_0gUPBPRBle6aJ6oFR9C7BMT/view?usp=drive_link,https://drive.google.com/file/d/1UuBZW6D6_0gUPBPRBle6aJ6oFR9C7BMT/view?usp=drive_link,"denim-style skirt, sky blue, georgette, vacation, photo shoot, modern/western, vestige weaves, city nights, knee-length","Vestige Weaves Denim-Style Skirt — a sky blue, denim-style skirt in lightweight georgette, made for vacation and photo shoot occasions. Featuring a knee-length hem with a regular fit, it has a richly decorated texture and offers medium comfort for all-day wear. Versatile styling that balances bold and simple elements. Part of the City Nights collection."
SKT2011,SKT2011-NVY-M,Willow & Weave Pleated Midi Skirt,Women's Wear,Pleated Midi Skirt,Willow & Weave,Heritage Fusion,3499,"Rs.3,000-6,000",Navy Blue,Cool,Printed,Modern/Western,Flared,Regular,Calf-length,Not Applicable,Not Applicable,Cotton,Light,High,Non-Stretch,Smooth and silky,Low,High,Cool Weather,"Festival season, Monsoon","Festival, Party",High quality,No dress code,Both,Classic styles,A mix of both,Balanced,"Apple, Pear, Rectangle",Cool,"18-25, 26-35, 36-50","Petite, Regular, Tall",TRUE,TRUE,TRUE,FALSE,Not Applicable,TRUE,TRUE,M,TRUE,FALSE,FALSE,TRUE,FALSE,FALSE,3.9,124,https://drive.google.com/file/d/1j8GJ2I9Pl4_vmAS1onNWxb-Hp7VjYF2X/view?usp=drive_link,https://drive.google.com/file/d/1j8GJ2I9Pl4_vmAS1onNWxb-Hp7VjYF2X/view?usp=drive_link,"pleated midi skirt, navy blue, cotton, festival, party, modern/western, willow & weave, heritage fusion, calf-length, printed, travel friendly","Willow & Weave Pleated Midi Skirt — a navy blue, printed pleated midi skirt in lightweight cotton, made for festival and party occasions. Featuring a calf-length hem with a regular fit, it has a smooth, silky feel and offers high comfort for all-day wear. Versatile styling that balances bold and simple elements. Part of the Heritage Fusion collection."
SKT2012,SKT2012-CRL-M,Ivory Loom Handloom Cotton Skirt,Women's Wear,Handloom Cotton Skirt,Ivory Loom,Everyday Ease,2499,"Rs.1,500-3,000",Coral Pink,Warm,Plain colour,Mix of Indian and Western,A-line,Loose and relaxed,Calf-length,Not Applicable,Not Applicable,Georgette,Light,Medium,Non-Stretch,Decorated texture,Medium,Medium,All Weather,"Festival season, Summer","Party, Office",Rich and festive,Mix of both,Both,Latest trends,Bold and eye-catching,Maximal,"Pear, Apple, Rectangle",Warm,"18-25, 26-35, 36-50","Petite, Regular, Tall",TRUE,FALSE,TRUE,FALSE,Not Applicable,TRUE,FALSE,M,FALSE,TRUE,FALSE,FALSE,FALSE,TRUE,4.3,69,https://drive.google.com/file/d/1Z8m3w3rro8wfD_FLsLabUpqvA1jNQQti/view?usp=drive_link,https://drive.google.com/file/d/1Z8m3w3rro8wfD_FLsLabUpqvA1jNQQti/view?usp=drive_link,"handloom cotton skirt, coral pink, georgette, party, office, mix of indian and western, ivory loom, everyday ease, calf-length, travel friendly","Ivory Loom Handloom Cotton Skirt — a coral pink, handloom cotton skirt in lightweight georgette, made for party and office occasions. Featuring a calf-length hem with a loose and relaxed fit, it has a richly decorated texture and offers medium comfort for all-day wear. Bold, eye-catching styling. Part of the Everyday Ease collection."
SKT2013,SKT2013-RST-S,Northgate Apparel Bodycon Midi Skirt,Women's Wear,Bodycon Midi Skirt,Northgate Apparel,Everyday Ease,2249,"Rs.1,500-3,000",Rust Orange,Warm,Printed,Modern/Western,Straight/Fitted,Body-hugging,Calf-length,Not Applicable,Not Applicable,Chiffon,Light,High,Non-Stretch,Smooth and silky,Medium,High,Cool Weather,"Winter, Wedding season","Festival, Wedding guest",Smart and neat,Western clothes only,Both,Latest trends,A mix of both,Balanced,"Hourglass, Rectangle",Warm,"18-25, 26-35, 36-50","Petite, Regular, Tall",TRUE,TRUE,TRUE,TRUE,Sangeet,FALSE,FALSE,S,FALSE,FALSE,FALSE,TRUE,FALSE,FALSE,4.4,71,https://drive.google.com/file/d/1ZZov9JKb7e34CdkhVLQcrcXX3ZC51Vr-/view?usp=drive_link,https://drive.google.com/file/d/1ZZov9JKb7e34CdkhVLQcrcXX3ZC51Vr-/view?usp=drive_link,"bodycon midi skirt, rust orange, chiffon, festival, wedding guest, modern/western, northgate apparel, everyday ease, calf-length, printed","Northgate Apparel Bodycon Midi Skirt — a rust orange, printed bodycon midi skirt in lightweight chiffon, made for festival and wedding guest occasions. Featuring a calf-length hem with a body-hugging fit, it has a smooth, silky feel and offers high comfort for all-day wear. Versatile styling that balances bold and simple elements. Part of the Everyday Ease collection."
SKT2014,SKT2014-WNR-XS,Northgate Apparel Denim-Style Skirt,Women's Wear,Denim-Style Skirt,Northgate Apparel,Winter Warmth,2449,"Rs.1,500-3,000",Wine Red,Warm,Block print,Modern/Western,Straight/Fitted,Regular,Knee-length,Not Applicable,Not Applicable,Crepe,Medium weight,Medium,Stretchable,Rough or woven feel,Medium,Medium,All Weather,"Summer, Monsoon","Vacation, Party",Smart and neat,No dress code,Both,Classic styles,Simple and elegant,Minimal,"Hourglass, Rectangle",Warm,"26-35, 36-50","Regular, Tall",FALSE,FALSE,FALSE,FALSE,Not Applicable,FALSE,FALSE,XS,FALSE,FALSE,TRUE,TRUE,FALSE,FALSE,4.6,106,https://drive.google.com/file/d/1JzgDj_31yyiTUq6IVuDpemqsQrNjM05S/view?usp=drive_link,https://drive.google.com/file/d/1JzgDj_31yyiTUq6IVuDpemqsQrNjM05S/view?usp=drive_link,"denim-style skirt, wine red, crepe, vacation, party, modern/western, northgate apparel, winter warmth, knee-length, block print","Northgate Apparel Denim-Style Skirt — a wine red, block-printed denim-style skirt in medium-weight crepe, made for vacation and party occasions. Featuring a knee-length hem with a regular fit, it has a rough, woven feel and offers medium comfort for all-day wear. Simple, elegant styling. Part of the Winter Warmth collection."
SKT2015,SKT2015-LAV-S,Ivory Loom Wrap Skirt,Women's Wear,Wrap Skirt,Ivory Loom,City Nights,749,"Under Rs.1,500",Lavender,Cool,Printed,Modern/Western,A-line,Regular,Knee-length,Not Applicable,Not Applicable,Chiffon,Light,High,Non-Stretch,Smooth and silky,Medium,High,Cool Weather,"Summer, Monsoon","Everyday wear, Photo shoot",High quality,No dress code,Both,Classic styles,Simple and elegant,Minimal,"Pear, Apple, Rectangle",Neutral,"18-25, 26-35, 36-50","Petite, Regular, Tall",TRUE,FALSE,FALSE,FALSE,Not Applicable,FALSE,TRUE,S,FALSE,FALSE,FALSE,FALSE,FALSE,FALSE,3.8,9,https://drive.google.com/file/d/11wCgmJdFkdGMOusMgiNPzjWBofuFHLD7/view?usp=drive_link,https://drive.google.com/file/d/11wCgmJdFkdGMOusMgiNPzjWBofuFHLD7/view?usp=drive_link,"wrap skirt, lavender, chiffon, everyday wear, photo shoot, modern/western, ivory loom, city nights, knee-length, printed","Ivory Loom Wrap Skirt — a lavender, printed wrap skirt in lightweight chiffon, made for everyday wear and photo shoot occasions. Featuring a knee-length hem with a regular fit, it has a smooth, silky feel and offers high comfort for all-day wear. Simple, elegant styling. Part of the City Nights collection."
SKT2016,SKT2016-RST-S,Rukmini Couture Sequin Party Skirt,Women's Wear,Sequin Party Skirt,Rukmini Couture,Resort Diaries,1949,"Rs.1,500-3,000",Rust Orange,Warm,Printed,Modern/Western,Straight/Fitted,Fitted/Tailored,Knee-length,Not Applicable,Not Applicable,Silk,Medium weight,Medium,Non-Stretch,Smooth and silky,High,Medium,All Weather,"Summer, Monsoon","Vacation, Photo shoot",High quality,Western clothes only,Both,A mix of both,Simple and elegant,Minimal,"Hourglass, Rectangle",Warm,"18-25, 26-35, 36-50","Petite, Regular, Tall",TRUE,FALSE,TRUE,FALSE,Not Applicable,FALSE,FALSE,S,FALSE,TRUE,TRUE,FALSE,FALSE,FALSE,4.4,73,https://drive.google.com/file/d/1h61_noWSBuuK875uEp9-wSi6u3GXxlPo/view?usp=drive_link,https://drive.google.com/file/d/1h61_noWSBuuK875uEp9-wSi6u3GXxlPo/view?usp=drive_link,"sequin party skirt, rust orange, silk, vacation, photo shoot, modern/western, rukmini couture, resort diaries, knee-length, printed","Rukmini Couture Sequin Party Skirt — a rust orange, printed sequin party skirt in medium-weight silk, made for vacation and photo shoot occasions. Featuring a knee-length hem with a fitted/tailored fit, it has a smooth, silky feel and offers medium comfort for all-day wear. Simple, elegant styling. Part of the Resort Diaries collection."
SKT2017,SKT2017-CRL-M,Zephyr Label Asymmetric Hem Skirt,Women's Wear,Asymmetric Hem Skirt,Zephyr Label,City Nights,1799,"Rs.1,500-3,000",Coral Pink,Warm,Embroidered or decorated,Fusion (mixed styles),Flared,Regular,Calf-length,Not Applicable,Not Applicable,Georgette,Light,Medium,Non-Stretch,Decorated texture,Medium,Medium,All Weather,"Festival season, Monsoon","Birthday, Party",Rich and festive,No dress code,Indoors,Latest trends,Bold and eye-catching,Maximal,"Apple, Pear, Rectangle",Warm,"18-25, 26-35, 36-50","Petite, Regular, Tall",TRUE,TRUE,FALSE,FALSE,Not Applicable,FALSE,TRUE,M,FALSE,FALSE,FALSE,FALSE,FALSE,FALSE,4.2,18,https://drive.google.com/file/d/1XEEmNdusJuyxW8gKbrHvwGV6N_5K-4jF/view?usp=drive_link,https://drive.google.com/file/d/1XEEmNdusJuyxW8gKbrHvwGV6N_5K-4jF/view?usp=drive_link,"asymmetric hem skirt, coral pink, georgette, birthday, party, fusion (mixed styles), zephyr label, city nights, calf-length, embroidered or decorated","Zephyr Label Asymmetric Hem Skirt — a coral pink, embroidered asymmetric hem skirt in lightweight georgette, made for birthday and party occasions. Featuring a calf-length hem with a regular fit, it has a richly decorated texture and offers medium comfort for all-day wear. Bold, eye-catching styling. Part of the City Nights collection."
SKT2018,SKT2018-SKY-XL,Northgate Apparel Bodycon Midi Skirt,Women's Wear,Bodycon Midi Skirt,Northgate Apparel,Festive Radiance,5049,"Rs.3,000-6,000",Sky Blue,Cool,Plain colour,Modern/Western,Straight/Fitted,Body-hugging,Calf-length,Not Applicable,Not Applicable,Chanderi,Light,Medium,Non-Stretch,Decorated texture,High,Medium,Cool Weather,"Summer, Monsoon","Vacation, Birthday",High quality,No dress code,Both,A mix of both,A mix of both,Balanced,"Hourglass, Rectangle",Neutral,"18-25, 26-35, 36-50","Petite, Regular, Tall",TRUE,FALSE,TRUE,FALSE,Not Applicable,FALSE,FALSE,XL,TRUE,FALSE,FALSE,FALSE,FALSE,FALSE,4.3,37,https://drive.google.com/file/d/1qrWAsKHTj5125oxPpLaVLWu7bL1LiNMM/view?usp=drive_link,https://drive.google.com/file/d/1qrWAsKHTj5125oxPpLaVLWu7bL1LiNMM/view?usp=drive_link,"bodycon midi skirt, sky blue, chanderi, vacation, birthday, modern/western, northgate apparel, festive radiance, calf-length","Northgate Apparel Bodycon Midi Skirt — a sky blue, bodycon midi skirt in lightweight chanderi, made for vacation and birthday occasions. Featuring a calf-length hem with a body-hugging fit, it has a richly decorated texture and offers medium comfort for all-day wear. Versatile styling that balances bold and simple elements. Part of the Festive Radiance collection."
SKT2019,SKT2019-WHT-S,Meraki Studio Asymmetric Hem Skirt,Women's Wear,Asymmetric Hem Skirt,Meraki Studio,Winter Warmth,2499,"Rs.1,500-3,000",White,Neutral,Plain colour,Modern/Western,Flared,Regular,Calf-length,Not Applicable,Not Applicable,Georgette,Light,Medium,Non-Stretch,Decorated texture,Medium,Medium,Cool Weather,Summer,"Vacation, Office",High quality,Western clothes only,Both,Classic styles,Simple and elegant,Minimal,"Apple, Pear, Rectangle",All,"18-25, 26-35, 36-50","Petite, Regular",TRUE,FALSE,TRUE,FALSE,Not Applicable,FALSE,TRUE,S,FALSE,FALSE,FALSE,FALSE,FALSE,FALSE,3.9,86,https://drive.google.com/file/d/1EOlXxWWyEX8dfFUZsHzsXXOYQAhie4YU/view?usp=drive_link,https://drive.google.com/file/d/1EOlXxWWyEX8dfFUZsHzsXXOYQAhie4YU/view?usp=drive_link,"asymmetric hem skirt, white, georgette, vacation, office, modern/western, meraki studio, winter warmth, calf-length","Meraki Studio Asymmetric Hem Skirt — a white, asymmetric hem skirt in lightweight georgette, made for vacation and office occasions. Featuring a calf-length hem with a regular fit, it has a richly decorated texture and offers medium comfort for all-day wear. Simple, elegant styling. Part of the Winter Warmth collection."
SKT2020,SKT2020-CHR-M,Aura Threads Pencil Skirt,Women's Wear,Pencil Skirt,Aura Threads,Festive Radiance,2149,"Rs.1,500-3,000",Charcoal Grey,Neutral,Embroidered or decorated,Modern/Western,Straight/Fitted,Fitted/Tailored,Knee-length,Not Applicable,Not Applicable,Crepe,Medium weight,Medium,Stretchable,Rough or woven feel,Medium,Medium,All Weather,"Summer, Monsoon","Everyday wear, Photo shoot",High quality,Western clothes only,Indoors,A mix of both,A mix of both,Balanced,"Hourglass, Rectangle",All,"26-35, 36-50","Petite, Regular, Tall",TRUE,FALSE,TRUE,FALSE,Not Applicable,FALSE,TRUE,M,FALSE,FALSE,FALSE,FALSE,FALSE,FALSE,4.3,87,https://drive.google.com/file/d/12XEN67uD5FhEpaV3HmfhdtW7w0Wn8DsB/view?usp=drive_link,https://drive.google.com/file/d/12XEN67uD5FhEpaV3HmfhdtW7w0Wn8DsB/view?usp=drive_link,"pencil skirt, charcoal grey, crepe, everyday wear, photo shoot, modern/western, aura threads, festive radiance, knee-length, embroidered or decorated","Aura Threads Pencil Skirt — a charcoal grey, embroidered pencil skirt in medium-weight crepe, made for everyday wear and photo shoot occasions. Featuring a knee-length hem with a fitted/tailored fit, it has a rough, woven feel and offers medium comfort for all-day wear. Versatile styling that balances bold and simple elements. Part of the Festive Radiance collection."
SAR3001,SAR3001-EMR-FREE,Northgate Apparel Kanjivaram Silk Saree,Women's Wear,Kanjivaram Silk Saree,Northgate Apparel,Festive Radiance,2149,"Rs.1,500-3,000",Emerald Green,Cool,Plain colour,Modern/Western,Not Applicable,Not Applicable,Not Applicable,Not Applicable,Not Applicable,Silk,Medium weight,Medium,Non-Stretch,Smooth and silky,High,Medium,All Weather,"Festival season, Monsoon","Birthday, Office",High quality,No dress code,Both,Classic styles,Simple and elegant,Minimal,"Pear, Apple, Rectangle",Cool,"18-25, 26-35, 36-50","Regular, Tall",FALSE,TRUE,TRUE,FALSE,Not Applicable,TRUE,FALSE,Free Size,FALSE,FALSE,FALSE,TRUE,FALSE,FALSE,4.4,70,https://drive.google.com/file/d/1baTDugH38GfVNojF9oImsPxVlXJHKXN3/view?usp=drive_link,https://drive.google.com/file/d/1baTDugH38GfVNojF9oImsPxVlXJHKXN3/view?usp=drive_link,"kanjivaram silk saree, emerald green, silk, birthday, office, modern/western, northgate apparel, festive radiance, travel friendly","Northgate Apparel Kanjivaram Silk Saree — a emerald green, kanjivaram silk saree in medium-weight silk, made for birthday and office occasions. It has a smooth, silky feel and offers medium comfort for all-day wear. Simple, elegant styling. Part of the Festive Radiance collection."
SAR3002,SAR3002-BLS-FREE,Rukmini Couture Banarasi Silk Saree,Women's Wear,Banarasi Silk Saree,Rukmini Couture,Summer Bloom,1199,"Under Rs.1,500",Blush Pink,Cool,Plain colour,Modern/Western,Not Applicable,Not Applicable,Not Applicable,Not Applicable,Not Applicable,Silk,Medium weight,Medium,Non-Stretch,Smooth and silky,High,Medium,All Weather,"Festival season, Monsoon","Party, Birthday",High quality,No dress code,Indoors,A mix of both,A mix of both,Balanced,"Apple, Hourglass",Cool,"18-25, 26-35, 36-50","Petite, Regular, Tall",TRUE,FALSE,TRUE,FALSE,Not Applicable,FALSE,TRUE,Free Size,FALSE,FALSE,TRUE,FALSE,FALSE,FALSE,4.7,64,https://drive.google.com/file/d/1-_xn1eoYA8i0o75W_FrEcHZaPgy7bmOf/view?usp=drive_link,https://drive.google.com/file/d/1-_xn1eoYA8i0o75W_FrEcHZaPgy7bmOf/view?usp=drive_link,"banarasi silk saree, blush pink, silk, party, birthday, modern/western, rukmini couture, summer bloom","Rukmini Couture Banarasi Silk Saree — a blush pink, banarasi silk saree in medium-weight silk, made for party and birthday occasions. It has a smooth, silky feel and offers medium comfort for all-day wear. Versatile styling that balances bold and simple elements. Part of the Summer Bloom collection."
SAR3003,SAR3003-WHT-FREE,Northgate Apparel Georgette Printed Saree,Women's Wear,Georgette Printed Saree,Northgate Apparel,Summer Bloom,2349,"Rs.1,500-3,000",White,Neutral,Block print,Fusion (mixed styles),Not Applicable,Not Applicable,Not Applicable,Not Applicable,Not Applicable,Georgette,Light,Medium,Non-Stretch,Decorated texture,Medium,Medium,Cool Weather,"Festival season, Monsoon","Festival, Party",Smart and neat,Mix of both,Indoors,Latest trends,Bold and eye-catching,Maximal,"Apple, Hourglass",All,"18-25, 26-35, 36-50","Petite, Regular, Tall",TRUE,FALSE,FALSE,FALSE,Not Applicable,FALSE,FALSE,Free Size,FALSE,FALSE,FALSE,TRUE,FALSE,FALSE,4.2,84,https://drive.google.com/file/d/1Jjy9pQOGyNnxWQ_cW9t_hYHQ8hs4_Jwq/view?usp=drive_link,https://drive.google.com/file/d/1Jjy9pQOGyNnxWQ_cW9t_hYHQ8hs4_Jwq/view?usp=drive_link,"georgette printed saree, white, georgette, festival, party, fusion (mixed styles), northgate apparel, summer bloom, block print","Northgate Apparel Georgette Printed Saree — a white, block-printed georgette printed saree in lightweight georgette, made for festival and party occasions. It has a richly decorated texture and offers medium comfort for all-day wear. Bold, eye-catching styling. Part of the Summer Bloom collection."
SAR3004,SAR3004-WNR-FREE,Ivory Loom Velvet Border Saree,Women's Wear,Velvet Border Saree,Ivory Loom,Everyday Ease,2449,"Rs.1,500-3,000",Wine Red,Warm,Embroidered or decorated,Modern/Western,Not Applicable,Not Applicable,Not Applicable,Not Applicable,Not Applicable,Velvet,Heavy or rich fabric,Low,Stretchable,Decorated texture,High,Low,Warm Weather,"Festival season, Monsoon","Vacation, Office",Smart and neat,No dress code,Indoors,A mix of both,A mix of both,Balanced,"Hourglass, Rectangle",Warm,"18-25, 26-35, 36-50","Petite, Regular, Tall",TRUE,TRUE,TRUE,FALSE,Not Applicable,TRUE,TRUE,Free Size,FALSE,FALSE,TRUE,TRUE,FALSE,FALSE,3.9,119,https://drive.google.com/file/d/1nvqj97a98ZLS9SPMdEOwFIm3BRsSNuez/view?usp=drive_link,https://drive.google.com/file/d/1nvqj97a98ZLS9SPMdEOwFIm3BRsSNuez/view?usp=drive_link,"velvet border saree, wine red, velvet, vacation, office, modern/western, ivory loom, everyday ease, embroidered or decorated, travel friendly","Ivory Loom Velvet Border Saree — a wine red, embroidered velvet border saree in heavyweight velvet, made for vacation and office occasions. It has a richly decorated texture and offers low comfort for all-day wear. Versatile styling that balances bold and simple elements. Part of the Everyday Ease collection."
SAR3005,SAR3005-WNR-FREE,Saffron & Sage Sequin Party Saree,Women's Wear,Sequin Party Saree,Saffron & Sage,Everyday Ease,1849,"Rs.1,500-3,000",Wine Red,Warm,Embroidered or decorated,Modern/Western,Not Applicable,Not Applicable,Not Applicable,Not Applicable,Not Applicable,Georgette,Light,Medium,Non-Stretch,Decorated texture,Medium,Medium,Cool Weather,"Festival season, Summer","Birthday, Party",High quality,Western clothes only,Both,A mix of both,Simple and elegant,Minimal,"Apple, Hourglass",Warm,"18-25, 26-35, 36-50","Regular, Tall",FALSE,TRUE,TRUE,FALSE,Not Applicable,FALSE,FALSE,Free Size,FALSE,FALSE,TRUE,FALSE,FALSE,FALSE,4.2,59,https://drive.google.com/file/d/16iAfpRfe0-108iK-ay6Jp3gXilw3uQJ0/view?usp=drive_link,https://drive.google.com/file/d/16iAfpRfe0-108iK-ay6Jp3gXilw3uQJ0/view?usp=drive_link,"sequin party saree, wine red, georgette, birthday, party, modern/western, saffron & sage, everyday ease, embroidered or decorated","Saffron & Sage Sequin Party Saree — a wine red, embroidered sequin party saree in lightweight georgette, made for birthday and party occasions. It has a richly decorated texture and offers medium comfort for all-day wear. Simple, elegant styling. Part of the Everyday Ease collection."
SAR3006,SAR3006-WHT-FREE,Aura Threads Bandhani Print Saree,Women's Wear,Bandhani Print Saree,Aura Threads,Monsoon Muse,1749,"Rs.1,500-3,000",White,Neutral,Block print,Modern/Western,Not Applicable,Not Applicable,Not Applicable,Not Applicable,Not Applicable,Cotton,Light,High,Non-Stretch,Smooth and silky,Low,High,Cool Weather,"Festival season, Monsoon","Vacation, Birthday",Smart and neat,No dress code,Both,Classic styles,A mix of both,Balanced,"Hourglass, Rectangle",All,"18-25, 26-35, 36-50","Petite, Regular, Tall",TRUE,TRUE,FALSE,FALSE,Not Applicable,FALSE,FALSE,Free Size,FALSE,FALSE,TRUE,TRUE,TRUE,FALSE,4.1,68,https://drive.google.com/file/d/1FMSBwg7N82dHxxasLdRcLgEGZUcoXyWh/view?usp=drive_link,https://drive.google.com/file/d/1FMSBwg7N82dHxxasLdRcLgEGZUcoXyWh/view?usp=drive_link,"bandhani print saree, white, cotton, vacation, birthday, modern/western, aura threads, monsoon muse, block print","Aura Threads Bandhani Print Saree — a white, block-printed bandhani print saree in lightweight cotton, made for vacation and birthday occasions. It has a smooth, silky feel and offers high comfort for all-day wear. Versatile styling that balances bold and simple elements. Part of the Monsoon Muse collection."
SAR3007,SAR3007-BLS-FREE,Saffron & Sage Bandhani Print Saree,Women's Wear,Bandhani Print Saree,Saffron & Sage,Heritage Fusion,3249,"Rs.3,000-6,000",Blush Pink,Cool,Block print,Modern/Western,Not Applicable,Not Applicable,Not Applicable,Not Applicable,Not Applicable,Cotton,Light,High,Non-Stretch,Smooth and silky,Low,High,Cool Weather,"Summer, Monsoon","Office, Everyday wear",Smart and neat,Western clothes only,Both,Classic styles,A mix of both,Balanced,"Apple, Hourglass",Cool,"18-25, 26-35, 36-50","Petite, Regular, Tall",TRUE,TRUE,TRUE,FALSE,Not Applicable,TRUE,FALSE,Free Size,TRUE,FALSE,FALSE,FALSE,FALSE,FALSE,4.3,85,https://drive.google.com/file/d/1rMhSFQq_giL1DfA_QiexwZ8ktSc8UWGO/view?usp=drive_link,https://drive.google.com/file/d/1rMhSFQq_giL1DfA_QiexwZ8ktSc8UWGO/view?usp=drive_link,"bandhani print saree, blush pink, cotton, office, everyday wear, modern/western, saffron & sage, heritage fusion, block print, travel friendly","Saffron & Sage Bandhani Print Saree — a blush pink, block-printed bandhani print saree in lightweight cotton, made for office and everyday wear occasions. It has a smooth, silky feel and offers high comfort for all-day wear. Versatile styling that balances bold and simple elements. Part of the Heritage Fusion collection."
SAR3008,SAR3008-CHR-FREE,Rukmini Couture Velvet Border Saree,Women's Wear,Velvet Border Saree,Rukmini Couture,City Nights,2799,"Rs.1,500-3,000",Charcoal Grey,Neutral,Plain colour,Modern/Western,Not Applicable,Not Applicable,Not Applicable,Not Applicable,Not Applicable,Velvet,Heavy or rich fabric,Low,Stretchable,Decorated texture,High,Low,Warm Weather,"Festival season, Monsoon","Everyday wear, Photo shoot",Smart and neat,No dress code,Both,Classic styles,Simple and elegant,Minimal,"Apple, Hourglass",All,"18-25, 26-35, 36-50","Petite, Regular, Tall",TRUE,TRUE,TRUE,FALSE,Not Applicable,FALSE,FALSE,Free Size,FALSE,FALSE,FALSE,FALSE,FALSE,FALSE,4.1,94,https://drive.google.com/file/d/1hgFKWqVCE4jAfag3ddOZQHpLcDnP9Zp8/view?usp=drive_link,https://drive.google.com/file/d/1hgFKWqVCE4jAfag3ddOZQHpLcDnP9Zp8/view?usp=drive_link,"velvet border saree, charcoal grey, velvet, everyday wear, photo shoot, modern/western, rukmini couture, city nights","Rukmini Couture Velvet Border Saree — a charcoal grey, velvet border saree in heavyweight velvet, made for everyday wear and photo shoot occasions. It has a richly decorated texture and offers low comfort for all-day wear. Simple, elegant styling. Part of the City Nights collection."
SAR3009,SAR3009-BGE-FREE,Vestige Weaves Bandhani Print Saree,Women's Wear,Bandhani Print Saree,Vestige Weaves,Signature Line,2949,"Rs.1,500-3,000",Beige,Neutral,Block print,Modern/Western,Not Applicable,Not Applicable,Not Applicable,Not Applicable,Not Applicable,Cotton,Light,High,Non-Stretch,Smooth and silky,Low,High,Cool Weather,"Summer, Monsoon","Birthday, Party",Smart and neat,Western clothes only,Both,Latest trends,A mix of both,Balanced,"Pear, Apple, Rectangle",All,"18-25, 26-35, 36-50","Petite, Regular, Tall",TRUE,TRUE,TRUE,FALSE,Not Applicable,FALSE,TRUE,Free Size,FALSE,FALSE,FALSE,FALSE,FALSE,FALSE,4.4,93,https://drive.google.com/file/d/1UviUef0pW2ZWeFotJRddUyt1e_Lm-Amr/view?usp=drive_link,https://drive.google.com/file/d/1UviUef0pW2ZWeFotJRddUyt1e_Lm-Amr/view?usp=drive_link,"bandhani print saree, beige, cotton, birthday, party, modern/western, vestige weaves, signature line, block print","Vestige Weaves Bandhani Print Saree — a beige, block-printed bandhani print saree in lightweight cotton, made for birthday and party occasions. It has a smooth, silky feel and offers high comfort for all-day wear. Versatile styling that balances bold and simple elements. Part of the Signature Line collection."
SAR3010,SAR3010-CRL-FREE,Zephyr Label Ikat Cotton Saree,Women's Wear,Ikat Cotton Saree,Zephyr Label,Winter Warmth,899,"Under Rs.1,500",Coral Pink,Warm,Printed,Modern/Western,Not Applicable,Not Applicable,Not Applicable,Not Applicable,Not Applicable,Cotton,Light,High,Non-Stretch,Smooth and silky,Low,High,Cool Weather,"Summer, Monsoon","Party, Formal event",Smart and neat,No dress code,Both,A mix of both,A mix of both,Balanced,"Apple, Hourglass",Warm,"18-25, 26-35, 36-50","Petite, Regular, Tall",TRUE,FALSE,TRUE,FALSE,Not Applicable,FALSE,FALSE,Free Size,FALSE,FALSE,TRUE,FALSE,FALSE,FALSE,3.9,107,https://drive.google.com/file/d/1XOtAQm0y-5hR3KrqMs7XcBtMXRM0XHSC/view?usp=drive_link,https://drive.google.com/file/d/1XOtAQm0y-5hR3KrqMs7XcBtMXRM0XHSC/view?usp=drive_link,"ikat cotton saree, coral pink, cotton, party, formal event, modern/western, zephyr label, winter warmth, printed","Zephyr Label Ikat Cotton Saree — a coral pink, printed ikat cotton saree in lightweight cotton, made for party and formal event occasions. It has a smooth, silky feel and offers high comfort for all-day wear. Versatile styling that balances bold and simple elements. Part of the Winter Warmth collection."
SAR3011,SAR3011-EMR-FREE,Rukmini Couture Bandhani Print Saree,Women's Wear,Bandhani Print Saree,Rukmini Couture,Everyday Ease,1549,"Rs.1,500-3,000",Emerald Green,Cool,Block print,Modern/Western,Not Applicable,Not Applicable,Not Applicable,Not Applicable,Not Applicable,Cotton,Light,High,Non-Stretch,Smooth and silky,Low,High,Cool Weather,"Summer, Monsoon","Party, Birthday",High quality,No dress code,Both,Classic styles,A mix of both,Balanced,"Apple, Hourglass",Cool,"26-35, 36-50","Petite, Regular, Tall",TRUE,FALSE,FALSE,FALSE,Not Applicable,FALSE,TRUE,Free Size,FALSE,TRUE,TRUE,FALSE,FALSE,FALSE,4.6,10,https://drive.google.com/file/d/1eH6I4tQfZgwdSypUBf28k--Q-oYlR-Te/view?usp=drive_link,https://drive.google.com/file/d/1eH6I4tQfZgwdSypUBf28k--Q-oYlR-Te/view?usp=drive_link,"bandhani print saree, emerald green, cotton, party, birthday, modern/western, rukmini couture, everyday ease, block print","Rukmini Couture Bandhani Print Saree — a emerald green, block-printed bandhani print saree in lightweight cotton, made for party and birthday occasions. It has a smooth, silky feel and offers high comfort for all-day wear. Versatile styling that balances bold and simple elements. Part of the Everyday Ease collection."
SAR3012,SAR3012-MUS-FREE,Willow & Weave Linen Handloom Saree,Women's Wear,Linen Handloom Saree,Willow & Weave,City Nights,2299,"Rs.1,500-3,000",Mustard Yellow,Warm,Embroidered or decorated,Modern/Western,Not Applicable,Not Applicable,Not Applicable,Not Applicable,Not Applicable,Linen,Light,High,Non-Stretch,Rough or woven feel,Medium,High,Cool Weather,"Festival season, Monsoon","Party, Office",Simple,No dress code,Both,Latest trends,Simple and elegant,Minimal,"Pear, Apple, Rectangle",Warm,"18-25, 26-35","Petite, Regular, Tall",TRUE,FALSE,TRUE,FALSE,Not Applicable,TRUE,TRUE,Free Size,FALSE,FALSE,FALSE,FALSE,TRUE,FALSE,4.4,34,https://drive.google.com/file/d/1hXpyxr0P3kXmmLnr_9ttmYgBShnovFA9/view?usp=drive_link,https://drive.google.com/file/d/1hXpyxr0P3kXmmLnr_9ttmYgBShnovFA9/view?usp=drive_link,"linen handloom saree, mustard yellow, linen, party, office, modern/western, willow & weave, city nights, embroidered or decorated, travel friendly","Willow & Weave Linen Handloom Saree — a mustard yellow, embroidered linen handloom saree in lightweight linen, made for party and office occasions. It has a rough, woven feel and offers high comfort for all-day wear. Simple, elegant styling. Part of the City Nights collection."
SAR3013,SAR3013-MRN-FREE,Kavali Atelier Bandhani Print Saree,Women's Wear,Bandhani Print Saree,Kavali Atelier,Wedding Edit,2149,"Rs.1,500-3,000",Maroon,Warm,Block print,Mix of Indian and Western,Not Applicable,Not Applicable,Not Applicable,Not Applicable,Not Applicable,Cotton,Light,High,Non-Stretch,Smooth and silky,Low,High,All Weather,"Festival season, Monsoon","Office, Everyday wear",Bold and eye-catching,Mix of both,Both,Latest trends,Bold and eye-catching,Maximal,"Hourglass, Rectangle",Warm,"18-25, 26-35, 36-50","Regular, Tall",FALSE,FALSE,FALSE,FALSE,Not Applicable,TRUE,FALSE,Free Size,FALSE,FALSE,FALSE,TRUE,TRUE,FALSE,4.5,67,https://drive.google.com/file/d/1Q6A3RtdChfpUAuikzbB0avX-IpgSgs9k/view?usp=drive_link,https://drive.google.com/file/d/1Q6A3RtdChfpUAuikzbB0avX-IpgSgs9k/view?usp=drive_link,"bandhani print saree, maroon, cotton, office, everyday wear, mix of indian and western, kavali atelier, wedding edit, block print, travel friendly","Kavali Atelier Bandhani Print Saree — a maroon, block-printed bandhani print saree in lightweight cotton, made for office and everyday wear occasions. It has a smooth, silky feel and offers high comfort for all-day wear. Bold, eye-catching styling. Part of the Wedding Edit collection."
SAR3014,SAR3014-NVY-FREE,Zephyr Label Tussar Silk Saree,Women's Wear,Tussar Silk Saree,Zephyr Label,Festive Radiance,4249,"Rs.3,000-6,000",Navy Blue,Cool,Block print,Modern/Western,Not Applicable,Not Applicable,Not Applicable,Not Applicable,Not Applicable,Silk,Medium weight,Medium,Non-Stretch,Smooth and silky,High,Medium,All Weather,"Summer, Monsoon","Party, Formal event",High quality,Western clothes only,Both,Classic styles,Simple and elegant,Minimal,"Apple, Hourglass",Cool,"18-25, 26-35, 36-50","Petite, Regular, Tall",TRUE,FALSE,FALSE,FALSE,Not Applicable,FALSE,FALSE,Free Size,TRUE,FALSE,FALSE,FALSE,TRUE,FALSE,4,16,https://drive.google.com/file/d/1nfbL36HZzB4-jczVX2JYXAK-C_CM9o9A/view?usp=drive_link,https://drive.google.com/file/d/1nfbL36HZzB4-jczVX2JYXAK-C_CM9o9A/view?usp=drive_link,"tussar silk saree, navy blue, silk, party, formal event, modern/western, zephyr label, festive radiance, block print","Zephyr Label Tussar Silk Saree — a navy blue, block-printed tussar silk saree in medium-weight silk, made for party and formal event occasions. It has a smooth, silky feel and offers medium comfort for all-day wear. Simple, elegant styling. Part of the Festive Radiance collection."
SAR3015,SAR3015-WHT-FREE,Ivory Loom Velvet Border Saree,Women's Wear,Velvet Border Saree,Ivory Loom,Heritage Fusion,1549,"Rs.1,500-3,000",White,Neutral,Printed,Modern/Western,Not Applicable,Not Applicable,Not Applicable,Not Applicable,Not Applicable,Velvet,Heavy or rich fabric,Low,Stretchable,Decorated texture,High,Low,Warm Weather,"Summer, Monsoon","Party, Office",High quality,Western clothes only,Both,Latest trends,A mix of both,Balanced,"Apple, Hourglass",All,"18-25, 26-35, 36-50","Petite, Regular, Tall",TRUE,TRUE,TRUE,FALSE,Not Applicable,FALSE,FALSE,Free Size,FALSE,FALSE,TRUE,FALSE,FALSE,TRUE,4.1,37,https://drive.google.com/file/d/1gIl1sx43HpVw3-651lhvWTCz6jZeO3Uv/view?usp=drive_link,https://drive.google.com/file/d/1gIl1sx43HpVw3-651lhvWTCz6jZeO3Uv/view?usp=drive_link,"velvet border saree, white, velvet, party, office, modern/western, ivory loom, heritage fusion, printed","Ivory Loom Velvet Border Saree — a white, printed velvet border saree in heavyweight velvet, made for party and office occasions. It has a richly decorated texture and offers low comfort for all-day wear. Versatile styling that balances bold and simple elements. Part of the Heritage Fusion collection."
SAR3016,SAR3016-SKY-FREE,Ivory Loom Bandhani Print Saree,Women's Wear,Bandhani Print Saree,Ivory Loom,Wedding Edit,1049,"Under Rs.1,500",Sky Blue,Cool,Block print,Modern/Western,Not Applicable,Not Applicable,Not Applicable,Not Applicable,Not Applicable,Cotton,Light,High,Non-Stretch,Smooth and silky,Low,High,All Weather,"Wedding season, Festival season","Formal event, Party",High quality,No dress code,Both,Classic styles,Simple and elegant,Minimal,"Pear, Apple, Rectangle",Neutral,"18-25, 26-35, 36-50","Petite, Regular, Tall",TRUE,FALSE,TRUE,TRUE,Reception,TRUE,TRUE,Free Size,FALSE,FALSE,TRUE,TRUE,FALSE,FALSE,4.1,99,https://drive.google.com/file/d/1vweG3wqTqi2unFR5jJksRyvMXqpNp83y/view?usp=drive_link,https://drive.google.com/file/d/1vweG3wqTqi2unFR5jJksRyvMXqpNp83y/view?usp=drive_link,"bandhani print saree, sky blue, cotton, formal event, party, modern/western, ivory loom, wedding edit, block print, travel friendly","Ivory Loom Bandhani Print Saree — a sky blue, block-printed bandhani print saree in lightweight cotton, made for formal event and party occasions. It has a smooth, silky feel and offers high comfort for all-day wear. Simple, elegant styling. Part of the Wedding Edit collection."
SAR3017,SAR3017-CRL-FREE,Ivory Loom Banarasi Silk Saree,Women's Wear,Banarasi Silk Saree,Ivory Loom,Wedding Edit,1449,"Under Rs.1,500",Coral Pink,Warm,Printed,Modern/Western,Not Applicable,Not Applicable,Not Applicable,Not Applicable,Not Applicable,Silk,Medium weight,Medium,Non-Stretch,Smooth and silky,High,Medium,All Weather,"Summer, Monsoon","Office, Everyday wear",High quality,Western clothes only,Both,A mix of both,A mix of both,Balanced,"Pear, Apple, Rectangle",Warm,"18-25, 26-35, 36-50","Regular, Tall",FALSE,TRUE,TRUE,FALSE,Not Applicable,FALSE,FALSE,Free Size,FALSE,FALSE,FALSE,FALSE,FALSE,FALSE,4.7,60,https://drive.google.com/file/d/1In_WFUBr9ufSxDnjw1ktH7x-3mHbtya6/view?usp=drive_link,https://drive.google.com/file/d/1In_WFUBr9ufSxDnjw1ktH7x-3mHbtya6/view?usp=drive_link,"banarasi silk saree, coral pink, silk, office, everyday wear, modern/western, ivory loom, wedding edit, printed","Ivory Loom Banarasi Silk Saree — a coral pink, printed banarasi silk saree in medium-weight silk, made for office and everyday wear occasions. It has a smooth, silky feel and offers medium comfort for all-day wear. Versatile styling that balances bold and simple elements. Part of the Wedding Edit collection."
SAR3018,SAR3018-MRN-FREE,Vestige Weaves Linen Handloom Saree,Women's Wear,Linen Handloom Saree,Vestige Weaves,Everyday Ease,2349,"Rs.1,500-3,000",Maroon,Warm,Plain colour,Mix of Indian and Western,Not Applicable,Not Applicable,Not Applicable,Not Applicable,Not Applicable,Linen,Light,High,Non-Stretch,Rough or woven feel,Medium,High,Cool Weather,"Festival season, Monsoon","Everyday wear, Photo shoot",Smart and neat,Mix of both,Indoors,A mix of both,Bold and eye-catching,Maximal,"Hourglass, Rectangle",Warm,"18-25, 26-35","Petite, Regular, Tall",TRUE,FALSE,FALSE,FALSE,Not Applicable,TRUE,FALSE,Free Size,FALSE,TRUE,TRUE,FALSE,FALSE,TRUE,3.8,16,https://drive.google.com/file/d/1bUiXy6nDB1E0ffkRPUbO_of6tjXulpM_/view?usp=drive_link,https://drive.google.com/file/d/1bUiXy6nDB1E0ffkRPUbO_of6tjXulpM_/view?usp=drive_link,"linen handloom saree, maroon, linen, everyday wear, photo shoot, mix of indian and western, vestige weaves, everyday ease, travel friendly","Vestige Weaves Linen Handloom Saree — a maroon, linen handloom saree in lightweight linen, made for everyday wear and photo shoot occasions. It has a rough, woven feel and offers high comfort for all-day wear. Bold, eye-catching styling. Part of the Everyday Ease collection."
SAR3019,SAR3019-MUS-FREE,Meraki Studio Tussar Silk Saree,Women's Wear,Tussar Silk Saree,Meraki Studio,City Nights,2849,"Rs.1,500-3,000",Mustard Yellow,Warm,Plain colour,Modern/Western,Not Applicable,Not Applicable,Not Applicable,Not Applicable,Not Applicable,Silk,Medium weight,Medium,Non-Stretch,Smooth and silky,High,Medium,All Weather,"Wedding season, Festival season","Wedding guest, Festival",Smart and neat,Western clothes only,Both,Classic styles,A mix of both,Balanced,"Apple, Hourglass",Warm,"18-25, 26-35, 36-50","Petite, Regular, Tall",TRUE,TRUE,TRUE,TRUE,Sangeet,FALSE,TRUE,Free Size,FALSE,FALSE,TRUE,FALSE,FALSE,TRUE,4.4,78,https://drive.google.com/file/d/10zsuohrhfODx2O5GVoqCOm5UOSHHi-VI/view?usp=drive_link,https://drive.google.com/file/d/10zsuohrhfODx2O5GVoqCOm5UOSHHi-VI/view?usp=drive_link,"tussar silk saree, mustard yellow, silk, wedding guest, festival, modern/western, meraki studio, city nights","Meraki Studio Tussar Silk Saree — a mustard yellow, tussar silk saree in medium-weight silk, made for wedding guest and festival occasions. It has a smooth, silky feel and offers medium comfort for all-day wear. Versatile styling that balances bold and simple elements. Part of the City Nights collection."
SAR3020,SAR3020-SKY-FREE,Rukmini Couture Tussar Silk Saree,Women's Wear,Tussar Silk Saree,Rukmini Couture,Winter Warmth,3949,"Rs.3,000-6,000",Sky Blue,Cool,Printed,Modern/Western,Not Applicable,Not Applicable,Not Applicable,Not Applicable,Not Applicable,Silk,Medium weight,Medium,Non-Stretch,Smooth and silky,High,Medium,All Weather,"Festival season, Summer","Festival, Wedding guest",Smart and neat,No dress code,Both,Classic styles,Simple and elegant,Minimal,"Apple, Pear, Rectangle",Neutral,"18-25, 26-35, 36-50","Petite, Regular, Tall",TRUE,TRUE,FALSE,TRUE,Sangeet,TRUE,TRUE,Free Size,TRUE,TRUE,TRUE,FALSE,TRUE,TRUE,4.4,29,https://drive.google.com/file/d/1xJSTJyaMkFBJ2N3tUyK_5U9ICNktz5dv/view?usp=drive_link,https://drive.google.com/file/d/1xJSTJyaMkFBJ2N3tUyK_5U9ICNktz5dv/view?usp=drive_link,"tussar silk saree, sky blue, silk, festival, wedding guest, modern/western, rukmini couture, winter warmth, printed, travel friendly","Rukmini Couture Tussar Silk Saree — a sky blue, printed tussar silk saree in medium-weight silk, made for festival and wedding guest occasions. It has a smooth, silky feel and offers medium comfort for all-day wear. Simple, elegant styling. Part of the Winter Warmth collection."
MEN4001,MEN4001-MUS-L,Willow & Weave Nehru Jacket Kurta Set,Men's Wear,Nehru Jacket Kurta Set,Willow & Weave,City Nights,2149,"Rs.1,500-3,000",Mustard Yellow,Warm,Plain colour,Modern/Western,Straight/Fitted,Regular,Calf-length,Full sleeve,Collared,Cotton,Light,High,Non-Stretch,Smooth and silky,Low,High,Cool Weather,Summer,"Wedding guest, Festival",Smart and neat,Western clothes only,Both,Classic styles,Simple and elegant,Minimal,"Hourglass, Rectangle",Warm,"26-35, 36-50","Petite, Regular, Tall",TRUE,FALSE,TRUE,TRUE,Reception,FALSE,FALSE,L,FALSE,FALSE,FALSE,FALSE,FALSE,TRUE,3.9,124,https://drive.google.com/file/d/1OeUHi3QVNXusVx8Cp15c3wFbPdybAIO_/view?usp=drive_link,https://drive.google.com/file/d/1OeUHi3QVNXusVx8Cp15c3wFbPdybAIO_/view?usp=drive_link,"nehru jacket kurta set, mustard yellow, cotton, wedding guest, festival, modern/western, willow & weave, city nights, collared, full sleeve, calf-length","Willow & Weave Nehru Jacket Kurta Set — a mustard yellow, nehru jacket kurta set in lightweight cotton, made for wedding guest and festival occasions. Featuring a collared neckline, full sleeve, and a calf-length hem with a regular fit, it has a smooth, silky feel and offers high comfort for all-day wear. Simple, elegant styling. Part of the City Nights collection."
MEN4002,MEN4002-NVY-M,Meraki Studio Bandhgala Sherwani,Men's Wear,Bandhgala Sherwani,Meraki Studio,Signature Line,4649,"Rs.3,000-6,000",Navy Blue,Cool,Plain colour,Mix of Indian and Western,Straight/Fitted,Fitted/Tailored,Calf-length,Full sleeve,Collared,Silk,Medium weight,Medium,Non-Stretch,Smooth and silky,High,Medium,All Weather,"Festival season, Summer","Vacation, Office",Smart and neat,Mix of both,Both,Latest trends,Bold and eye-catching,Maximal,"Hourglass, Rectangle",Cool,"18-25, 26-35, 36-50","Petite, Regular, Tall",TRUE,FALSE,TRUE,FALSE,Not Applicable,TRUE,TRUE,M,TRUE,FALSE,FALSE,TRUE,FALSE,TRUE,4,37,https://drive.google.com/file/d/1fn34o60oUehr5ClIkfIlm1cP9YQo6zBD/view?usp=drive_link,https://drive.google.com/file/d/1fn34o60oUehr5ClIkfIlm1cP9YQo6zBD/view?usp=drive_link,"bandhgala sherwani, navy blue, silk, vacation, office, mix of indian and western, meraki studio, signature line, collared, full sleeve, calf-length, travel friendly","Meraki Studio Bandhgala Sherwani — a navy blue, bandhgala sherwani in medium-weight silk, made for vacation and office occasions. Featuring a collared neckline, full sleeve, and a calf-length hem with a fitted/tailored fit, it has a smooth, silky feel and offers medium comfort for all-day wear. Bold, eye-catching styling. Part of the Signature Line collection."
MEN4003,MEN4003-MUS-XL,Ivory Loom Cotton Casual Shirt,Men's Wear,Cotton Casual Shirt,Ivory Loom,Heritage Fusion,1649,"Rs.1,500-3,000",Mustard Yellow,Warm,Embroidered or decorated,Modern/Western,Straight/Fitted,Regular,Short,Full sleeve,Collared,Cotton,Light,High,Non-Stretch,Smooth and silky,Low,High,Cool Weather,"Festival season, Summer","Office, Everyday wear",High quality,No dress code,Both,A mix of both,A mix of both,Balanced,"Hourglass, Rectangle",Warm,"18-25, 26-35, 36-50","Petite, Regular, Tall",TRUE,TRUE,TRUE,FALSE,Not Applicable,TRUE,TRUE,XL,TRUE,FALSE,TRUE,FALSE,FALSE,TRUE,4.5,48,https://drive.google.com/file/d/1MnE_aXPaoBGsNq97zqrLBtLfwc9FFNNG/view?usp=drive_link,https://drive.google.com/file/d/1MnE_aXPaoBGsNq97zqrLBtLfwc9FFNNG/view?usp=drive_link,"cotton casual shirt, mustard yellow, cotton, office, everyday wear, modern/western, ivory loom, heritage fusion, collared, full sleeve, short, embroidered or decorated, travel friendly","Ivory Loom Cotton Casual Shirt — a mustard yellow, embroidered cotton casual shirt in lightweight cotton, made for office and everyday wear occasions. Featuring a collared neckline, full sleeve, and a short hem with a regular fit, it has a smooth, silky feel and offers high comfort for all-day wear. Versatile styling that balances bold and simple elements. Part of the Heritage Fusion collection."
MEN4004,MEN4004-BGE-M,Kavali Atelier Linen Formal Blazer,Men's Wear,Linen Formal Blazer,Kavali Atelier,Festive Radiance,2249,"Rs.1,500-3,000",Beige,Neutral,Plain colour,Modern/Western,Straight/Fitted,Fitted/Tailored,Short,Full sleeve,Collared,Linen,Light,High,Non-Stretch,Rough or woven feel,Medium,High,Cool Weather,"Wedding season, Festival season","Everyday wear, Photo shoot",High quality,Western clothes only,Both,Latest trends,Simple and elegant,Minimal,"Hourglass, Rectangle",All,"18-25, 26-35, 36-50","Regular, Tall",FALSE,FALSE,TRUE,TRUE,Reception,TRUE,TRUE,M,FALSE,FALSE,TRUE,FALSE,FALSE,FALSE,4.2,121,https://drive.google.com/file/d/17nF-iprFOuV8VZAuQybaI2358-6XILuF/view?usp=drive_link,https://drive.google.com/file/d/17nF-iprFOuV8VZAuQybaI2358-6XILuF/view?usp=drive_link,"linen formal blazer, beige, linen, everyday wear, photo shoot, modern/western, kavali atelier, festive radiance, collared, full sleeve, short, travel friendly","Kavali Atelier Linen Formal Blazer — a beige, linen formal blazer in lightweight linen, made for everyday wear and photo shoot occasions. Featuring a collared neckline, full sleeve, and a short hem with a fitted/tailored fit, it has a rough, woven feel and offers high comfort for all-day wear. Simple, elegant styling. Part of the Festive Radiance collection."
MEN4005,MEN4005-MRN-L,Saffron & Sage Ethnic Kurta Pajama Set,Men's Wear,Ethnic Kurta Pajama Set,Saffron & Sage,City Nights,2499,"Rs.1,500-3,000",Maroon,Warm,Embroidered or decorated,Modern/Western,A-line,Loose and relaxed,Knee-length,Full sleeve,Round,Chanderi,Light,Medium,Non-Stretch,Decorated texture,High,Medium,Cool Weather,"Summer, Monsoon","Office, Everyday wear",Smart and neat,No dress code,Both,A mix of both,A mix of both,Balanced,"Pear, Apple, Rectangle",Warm,"18-25, 26-35, 36-50","Petite, Regular, Tall",TRUE,FALSE,TRUE,FALSE,Not Applicable,FALSE,TRUE,L,FALSE,FALSE,FALSE,FALSE,FALSE,FALSE,4.5,49,https://drive.google.com/file/d/1vtxajK0_VLh8QJF_UFbTa9YalNAX_o7B/view?usp=drive_link,https://drive.google.com/file/d/1vtxajK0_VLh8QJF_UFbTa9YalNAX_o7B/view?usp=drive_link,"ethnic kurta pajama set, maroon, chanderi, office, everyday wear, modern/western, saffron & sage, city nights, round, full sleeve, knee-length, embroidered or decorated","Saffron & Sage Ethnic Kurta Pajama Set — a maroon, embroidered ethnic kurta pajama set in lightweight chanderi, made for office and everyday wear occasions. Featuring a round neckline, full sleeve, and a knee-length hem with a loose and relaxed fit, it has a richly decorated texture and offers medium comfort for all-day wear. Versatile styling that balances bold and simple elements. Part of the City Nights collection."
MEN4006,MEN4006-MUS-M,Saffron & Sage Pathani Suit Set,Men's Wear,Pathani Suit Set,Saffron & Sage,Winter Warmth,2899,"Rs.1,500-3,000",Mustard Yellow,Warm,Plain colour,Modern/Western,A-line,Loose and relaxed,Calf-length,Full sleeve,Collared,Linen,Light,High,Non-Stretch,Rough or woven feel,Medium,High,Cool Weather,Summer,"Vacation, Office",Simple,No dress code,Indoors,Classic styles,Simple and elegant,Minimal,"Pear, Apple, Rectangle",Warm,"18-25, 26-35, 36-50","Petite, Regular, Tall",TRUE,TRUE,TRUE,FALSE,Not Applicable,TRUE,FALSE,M,FALSE,FALSE,TRUE,TRUE,FALSE,FALSE,4.3,42,https://drive.google.com/file/d/1V6lRprOh95tX7-NZT3pMyNO8QXlRoxZv/view?usp=drive_link,https://drive.google.com/file/d/1V6lRprOh95tX7-NZT3pMyNO8QXlRoxZv/view?usp=drive_link,"pathani suit set, mustard yellow, linen, vacation, office, modern/western, saffron & sage, winter warmth, collared, full sleeve, calf-length, travel friendly","Saffron & Sage Pathani Suit Set — a mustard yellow, pathani suit set in lightweight linen, made for vacation and office occasions. Featuring a collared neckline, full sleeve, and a calf-length hem with a loose and relaxed fit, it has a rough, woven feel and offers high comfort for all-day wear. Simple, elegant styling. Part of the Winter Warmth collection."
MEN4007,MEN4007-BGE-M,Vestige Weaves Wedding Silk Sherwani,Men's Wear,Wedding Silk Sherwani,Vestige Weaves,Festive Radiance,3599,"Rs.3,000-6,000",Beige,Neutral,Embroidered or decorated,Modern/Western,Straight/Fitted,Fitted/Tailored,Full-length,Full sleeve,Collared,Silk,Medium weight,Medium,Non-Stretch,Smooth and silky,High,Medium,All Weather,"Festival season, Monsoon","Festival, Formal event",High quality,No dress code,Indoors,A mix of both,A mix of both,Balanced,"Hourglass, Rectangle",All,"18-25, 26-35, 36-50","Petite, Regular, Tall",TRUE,FALSE,FALSE,FALSE,Not Applicable,FALSE,FALSE,M,TRUE,FALSE,FALSE,FALSE,FALSE,FALSE,4.2,19,https://drive.google.com/file/d/1zWGD0V8jLn7Kxe4yMby_g4YivhfmniPc/view?usp=drive_link,https://drive.google.com/file/d/1zWGD0V8jLn7Kxe4yMby_g4YivhfmniPc/view?usp=drive_link,"wedding silk sherwani, beige, silk, festival, formal event, modern/western, vestige weaves, festive radiance, collared, full sleeve, full-length, embroidered or decorated","Vestige Weaves Wedding Silk Sherwani — a beige, embroidered wedding silk sherwani in medium-weight silk, made for festival and formal event occasions. Featuring a collared neckline, full sleeve, and a full-length hem with a fitted/tailored fit, it has a smooth, silky feel and offers medium comfort for all-day wear. Versatile styling that balances bold and simple elements. Part of the Festive Radiance collection."
MEN4008,MEN4008-MRN-M,Northgate Apparel Chikankari Cotton Kurta,Men's Wear,Chikankari Cotton Kurta,Northgate Apparel,Heritage Fusion,799,"Under Rs.1,500",Maroon,Warm,Embroidered or decorated,Modern/Western,A-line,Regular,Calf-length,Full sleeve,Round,Cotton,Light,High,Non-Stretch,Smooth and silky,Low,High,Cool Weather,"Festival season, Monsoon","Everyday wear, Photo shoot",High quality,Western clothes only,Both,A mix of both,A mix of both,Balanced,"Pear, Apple, Rectangle",Warm,"18-25, 26-35, 36-50","Petite, Regular, Tall",TRUE,FALSE,TRUE,FALSE,Not Applicable,FALSE,FALSE,M,FALSE,TRUE,TRUE,TRUE,FALSE,FALSE,3.9,76,https://drive.google.com/file/d/1zWGD0V8jLn7Kxe4yMby_g4YivhfmniPc/view?usp=drive_link,https://drive.google.com/file/d/1zWGD0V8jLn7Kxe4yMby_g4YivhfmniPc/view?usp=drive_link,"chikankari cotton kurta, maroon, cotton, everyday wear, photo shoot, modern/western, northgate apparel, heritage fusion, round, full sleeve, calf-length, embroidered or decorated","Northgate Apparel Chikankari Cotton Kurta — a maroon, embroidered chikankari cotton kurta in lightweight cotton, made for everyday wear and photo shoot occasions. Featuring a round neckline, full sleeve, and a calf-length hem with a regular fit, it has a smooth, silky feel and offers high comfort for all-day wear. Versatile styling that balances bold and simple elements. Part of the Heritage Fusion collection."
MEN4009,MEN4009-CHR-L,Saffron & Sage Cotton Chinese Collar Shirt,Men's Wear,Cotton Chinese Collar Shirt,Saffron & Sage,Resort Diaries,1799,"Rs.1,500-3,000",Charcoal Grey,Neutral,Printed,Modern/Western,Straight/Fitted,Fitted/Tailored,Short,3/4th sleeve,Collared,Cotton,Light,High,Non-Stretch,Smooth and silky,Low,High,Cool Weather,"Wedding season, Festival season","Party, Formal event",High quality,Western clothes only,Both,A mix of both,A mix of both,Balanced,"Hourglass, Rectangle",All,"18-25, 26-35, 36-50","Petite, Regular, Tall",TRUE,FALSE,FALSE,TRUE,Reception,FALSE,TRUE,L,FALSE,FALSE,TRUE,FALSE,FALSE,FALSE,4,122,https://drive.google.com/file/d/1uaXK62SDSqxofxQol4hg0zj8JwOIX20X/view?usp=drive_link,https://drive.google.com/file/d/1uaXK62SDSqxofxQol4hg0zj8JwOIX20X/view?usp=drive_link,"cotton chinese collar shirt, charcoal grey, cotton, party, formal event, modern/western, saffron & sage, resort diaries, collared, 3/4th sleeve, short, printed","Saffron & Sage Cotton Chinese Collar Shirt — a charcoal grey, printed cotton chinese collar shirt in lightweight cotton, made for party and formal event occasions. Featuring a collared neckline, 3/4th sleeve, and a short hem with a fitted/tailored fit, it has a smooth, silky feel and offers high comfort for all-day wear. Versatile styling that balances bold and simple elements. Part of the Resort Diaries collection."
MEN4010,MEN4010-NVY-XL,Meraki Studio Velvet Festive Blazer,Men's Wear,Velvet Festive Blazer,Meraki Studio,Signature Line,2049,"Rs.1,500-3,000",Navy Blue,Cool,Embroidered or decorated,Fusion (mixed styles),Straight/Fitted,Fitted/Tailored,Short,Full sleeve,Collared,Velvet,Heavy or rich fabric,Low,Stretchable,Decorated texture,High,Low,Warm Weather,"Wedding season, Festival season","Office, Everyday wear",Bold and eye-catching,Mix of both,Both,A mix of both,Bold and eye-catching,Maximal,"Hourglass, Rectangle",Cool,"18-25, 26-35, 36-50","Petite, Regular, Tall",TRUE,TRUE,TRUE,TRUE,Reception,FALSE,TRUE,XL,FALSE,FALSE,FALSE,TRUE,FALSE,FALSE,4.5,9,https://drive.google.com/file/d/1qXT5h086_dObRbfbW_1Yh8yl1XJD0Yze/view?usp=drive_link,https://drive.google.com/file/d/1qXT5h086_dObRbfbW_1Yh8yl1XJD0Yze/view?usp=drive_link,"velvet festive blazer, navy blue, velvet, office, everyday wear, fusion (mixed styles), meraki studio, signature line, collared, full sleeve, short, embroidered or decorated","Meraki Studio Velvet Festive Blazer — a navy blue, embroidered velvet festive blazer in heavyweight velvet, made for office and everyday wear occasions. Featuring a collared neckline, full sleeve, and a short hem with a fitted/tailored fit, it has a richly decorated texture and offers low comfort for all-day wear. Bold, eye-catching styling. Part of the Signature Line collection."
SAR3021,SAR3021-PCH-FREE,Ivory Loom Chikankari Kota Saree,Women's Wear,Chikankari Kota Saree,Ivory Loom,Summer Bloom,1849,"Rs.1,500-3,000",Peach,Warm,Embroidered or decorated,Mix of Indian and Western,Not Applicable,Not Applicable,Not Applicable,Not Applicable,Not Applicable,Cotton,Light,High,Non-Stretch,Decorated texture,Medium,High,All Weather,"Festival season, Summer","Festival, Office",Smart and neat,No dress code,Both,A mix of both,Simple and elegant,Balanced,"Apple, Pear, Rectangle",All,"18-25, 26-35, 36-50","Petite, Regular, Tall",TRUE,TRUE,FALSE,FALSE,Not Applicable,TRUE,TRUE,Free Size,FALSE,FALSE,FALSE,TRUE,FALSE,FALSE,,,https://drive.google.com/file/d/1hXJC1Kw8WgJwTM0xhJigrLFQ8Hz0AtZM/view?usp=drive_link,https://drive.google.com/file/d/1hXJC1Kw8WgJwTM0xhJigrLFQ8Hz0AtZM/view?usp=drive_link,"chikankari kota saree, peach, cotton, festival, office, mix of indian and western, ivory loom, summer bloom, embroidered or decorated, peach-to-coral ombre, white thread floral embroidery, kota check weave, travel friendly","Ivory Loom Chikankari Kota Saree — a peach, embroidered chikankari kota saree in lightweight cotton, made for festival and office occasions. The fabric shades from soft peach into coral, with white thread floral motifs across the body and pallu and an embroidered coral border. It has a richly decorated texture and offers high comfort for all-day wear. Simple, elegant styling. Part of the Summer Bloom collection."
SAR3022,SAR3022-MAU-FREE,Vestige Weaves Zari Stripe Tussar Saree,Women's Wear,Zari Stripe Tussar Saree,Vestige Weaves,Festive Radiance,2849,"Rs.1,500-3,000",Mauve,Cool,Embroidered or decorated,Mix of Indian and Western,Not Applicable,Not Applicable,Not Applicable,Not Applicable,Not Applicable,Silk,Medium weight,Medium,Non-Stretch,Rough or woven feel,High,Medium,All Weather,"Wedding season, Festival season","Festival, Wedding guest",Rich and festive,No dress code,Both,Classic styles,Simple and elegant,Balanced,"Apple, Pear, Rectangle",All,"18-25, 26-35, 36-50","Petite, Regular, Tall",TRUE,TRUE,FALSE,TRUE,Sangeet,TRUE,TRUE,Free Size,FALSE,FALSE,FALSE,TRUE,FALSE,FALSE,,,https://drive.google.com/file/d/1DZipA37DaDMMOB5_dfUOL_Fv-KWfw5NU/view?usp=drive_link,https://drive.google.com/file/d/1DZipA37DaDMMOB5_dfUOL_Fv-KWfw5NU/view?usp=drive_link,"zari stripe tussar saree, mauve, silk, festival, wedding guest, mix of indian and western, vestige weaves, festive radiance, embroidered or decorated, gold zari stripes, zari border, travel friendly","Vestige Weaves Zari Stripe Tussar Saree — a mauve, zari-woven tussar saree in medium-weight silk, made for festival and wedding guest occasions. Fine gold zari stripes run through the body and pallu, finished with a zari-lined border. It has a rough, woven feel and offers medium comfort for all-day wear. Simple, elegant styling. Part of the Festive Radiance collection."
